{
  "D0": {
    "id": 0,
    "origin_xc": 564.854087073,
    "origin_yc": 6700.3641496830005,
    "destination_xc": 584.502583653,
    "destination_yc": 6703.347950079,
    "lower_tw": 120,
    "upper_tw": 150,
    "max_ride_time": 38.0,
    "max_capacity": 4.0
  },
  "D1": {
    "id": 1,
    "origin_xc": 572.011611754,
    "origin_yc": 6700.630822936,
    "destination_xc": 584.503583653,
    "destination_yc": 6703.348950079,
    "lower_tw": 120,
    "upper_tw": 150,
    "max_ride_time": 34.0,
    "max_capacity": 4.0
  },
  "D2": {
    "id": 2,
    "origin_xc": 559.504319768,
    "origin_yc": 6704.5982702030005,
    "destination_xc": 594.225804455,
    "destination_yc": 6701.618244521001,
    "lower_tw": 120,
    "upper_tw": 150,
    "max_ride_time": 58.0,
    "max_capacity": 4.0
  },
  "D3": {
    "id": 3,
    "origin_xc": 566.9392859280001,
    "origin_yc": 6703.005563748,
    "destination_xc": 584.505583653,
    "destination_yc": 6703.350950079,
    "lower_tw": 120,
    "upper_tw": 150,
    "max_ride_time": 40.0,
    "max_capacity": 4.0
  },
  "D4": {
    "id": 4,
    "origin_xc": 568.579510993,
    "origin_yc": 6700.849758781,
    "destination_xc": 594.2278044550001,
    "destination_yc": 6701.620244521,
    "lower_tw": 120,
    "upper_tw": 150,
    "max_ride_time": 46.0,
    "max_capacity": 4.0
  },
  "D5": {
    "id": 5,
    "origin_xc": 572.015611754,
    "origin_yc": 6700.634822936,
    "destination_xc": 584.507583653,
    "destination_yc": 6703.352950079,
    "lower_tw": 120,
    "upper_tw": 150,
    "max_ride_time": 34.0,
    "max_capacity": 4.0
  },
  "D6": {
    "id": 6,
    "origin_xc": 554.3841455129999,
    "origin_yc": 6704.4144226710005,
    "destination_xc": 583.829468196,
    "destination_yc": 6693.568892202001,
    "lower_tw": 120,
    "upper_tw": 150,
    "max_ride_time": 60.0,
    "max_capacity": 4.0
  }
}