{
  "D0": {
    "id": 0,
    "origin_xc": 561.314293509,
    "origin_yc": 6703.767498438,
    "destination_xc": 584.502583653,
    "destination_yc": 6703.347950079,
    "lower_tw": 120,
    "upper_tw": 150,
    "max_ride_time": 42.0,
    "max_capacity": 4.0
  }
}