{
  "D0": {
    "id": 0,
    "origin_xc": 564.854087073,
    "origin_yc": 6700.3641496830005,
    "destination_xc": 583.823468196,
    "destination_yc": 6693.5628922020005,
    "lower_tw": 120,
    "upper_tw": 150,
    "max_ride_time": 34.5,
    "max_capacity": 4.0
  },
  "D1": {
    "id": 1,
    "origin_xc": 572.011611754,
    "origin_yc": 6700.630822936,
    "destination_xc": 583.824468196,
    "destination_yc": 6693.563892202001,
    "lower_tw": 120,
    "upper_tw": 150,
    "max_ride_time": 31.5,
    "max_capacity": 4.0
  },
  "D2": {
    "id": 2,
    "origin_xc": 559.504319768,
    "origin_yc": 6704.5982702030005,
    "destination_xc": 591.317942423,
    "destination_yc": 6705.160702589001,
    "lower_tw": 120,
    "upper_tw": 150,
    "max_ride_time": 42.0,
    "max_capacity": 4.0
  },
  "D3": {
    "id": 3,
    "origin_xc": 554.381145513,
    "origin_yc": 6704.411422671,
    "destination_xc": 594.2268044550001,
    "destination_yc": 6701.619244521,
    "lower_tw": 120,
    "upper_tw": 150,
    "max_ride_time": 51.0,
    "max_capacity": 4.0
  },
  "D4": {
    "id": 4,
    "origin_xc": 568.579510993,
    "origin_yc": 6700.849758781,
    "destination_xc": 584.506583653,
    "destination_yc": 6703.351950079,
    "lower_tw": 120,
    "upper_tw": 150,
    "max_ride_time": 22.5,
    "max_capacity": 4.0
  },
  "D5": {
    "id": 5,
    "origin_xc": 566.9412859280001,
    "origin_yc": 6703.007563748,
    "destination_xc": 583.828468196,
    "destination_yc": 6693.567892202001,
    "lower_tw": 120,
    "upper_tw": 150,
    "max_ride_time": 36.0,
    "max_capacity": 4.0
  },
  "D6": {
    "id": 6,
    "origin_xc": 572.0999885250001,
    "origin_yc": 6702.130942743001,
    "destination_xc": 583.829468196,
    "destination_yc": 6693.568892202001,
    "lower_tw": 120,
    "upper_tw": 150,
    "max_ride_time": 22.5,
    "max_capacity": 4.0
  },
  "D7": {
    "id": 7,
    "origin_xc": 566.8896627849999,
    "origin_yc": 6700.5778707849995,
    "destination_xc": 583.830468196,
    "destination_yc": 6693.569892202,
    "lower_tw": 120,
    "upper_tw": 150,
    "max_ride_time": 28.5,
    "max_capacity": 4.0
  },
  "D8": {
    "id": 8,
    "origin_xc": 564.862087073,
    "origin_yc": 6700.372149683,
    "destination_xc": 594.2318044550001,
    "destination_yc": 6701.624244521,
    "lower_tw": 120,
    "upper_tw": 150,
    "max_ride_time": 40.5,
    "max_capacity": 4.0
  },
  "D9": {
    "id": 9,
    "origin_xc": 572.019611754,
    "origin_yc": 6700.638822936,
    "destination_xc": 591.324942423,
    "destination_yc": 6705.167702589,
    "lower_tw": 120,
    "upper_tw": 150,
    "max_ride_time": 36.0,
    "max_capacity": 4.0
  },
  "D10": {
    "id": 10,
    "origin_xc": 564.864087073,
    "origin_yc": 6700.374149683001,
    "destination_xc": 591.325942423,
    "destination_yc": 6705.1687025890005,
    "lower_tw": 120,
    "upper_tw": 150,
    "max_ride_time": 39.0,
    "max_capacity": 4.0
  },
  "D11": {
    "id": 11,
    "origin_xc": 572.1049885250001,
    "origin_yc": 6702.135942743001,
    "destination_xc": 594.234804455,
    "destination_yc": 6701.627244521001,
    "lower_tw": 120,
    "upper_tw": 150,
    "max_ride_time": 28.5,
    "max_capacity": 4.0
  },
  "D12": {
    "id": 12,
    "origin_xc": 561.3262935089999,
    "origin_yc": 6703.779498438,
    "destination_xc": 584.5145836529999,
    "destination_yc": 6703.359950079,
    "lower_tw": 120,
    "upper_tw": 150,
    "max_ride_time": 31.5,
    "max_capacity": 4.0
  },
  "D13": {
    "id": 13,
    "origin_xc": 566.9492859280001,
    "origin_yc": 6703.015563748,
    "destination_xc": 583.836468196,
    "destination_yc": 6693.575892202,
    "lower_tw": 120,
    "upper_tw": 150,
    "max_ride_time": 36.0,
    "max_capacity": 4.0
  },
  "D14": {
    "id": 14,
    "origin_xc": 566.9502859280001,
    "origin_yc": 6703.016563748,
    "destination_xc": 591.329942423,
    "destination_yc": 6705.172702589,
    "lower_tw": 120,
    "upper_tw": 150,
    "max_ride_time": 40.5,
    "max_capacity": 4.0
  }
}