{
  "D0": {
    "id": 0,
    "origin_xc": 564.854087073,
    "origin_yc": 6700.3641496830005,
    "destination_xc": 583.823468196,
    "destination_yc": 6693.5628922020005,
    "lower_tw": 120,
    "upper_tw": 150,
    "max_ride_time": 34.5,
    "max_capacity": 4.0
  },
  "D1": {
    "id": 1,
    "origin_xc": 560.93571271,
    "origin_yc": 6681.89869369,
    "destination_xc": 591.316942423,
    "destination_yc": 6705.1597025890005,
    "lower_tw": 120,
    "upper_tw": 150,
    "max_ride_time": 76.5,
    "max_capacity": 4.0
  },
  "D2": {
    "id": 2,
    "origin_xc": 560.9367127099999,
    "origin_yc": 6681.89969369,
    "destination_xc": 591.317942423,
    "destination_yc": 6705.160702589001,
    "lower_tw": 120,
    "upper_tw": 150,
    "max_ride_time": 76.5,
    "max_capacity": 4.0
  },
  "D3": {
    "id": 3,
    "origin_xc": 565.897686906,
    "origin_yc": 6690.12179874,
    "destination_xc": 583.8264681960001,
    "destination_yc": 6693.565892202,
    "lower_tw": 120,
    "upper_tw": 150,
    "max_ride_time": 55.5,
    "max_capacity": 4.0
  },
  "D4": {
    "id": 4,
    "origin_xc": 560.93871271,
    "origin_yc": 6681.90169369,
    "destination_xc": 594.2278044550001,
    "destination_yc": 6701.620244521,
    "lower_tw": 120,
    "upper_tw": 150,
    "max_ride_time": 78.0,
    "max_capacity": 4.0
  }
}