{
  "D0": {
    "id": 0,
    "origin_xc": 559.502319768,
    "origin_yc": 6704.596270203,
    "destination_xc": 583.823468196,
    "destination_yc": 6693.5628922020005,
    "lower_tw": 120,
    "upper_tw": 150,
    "max_ride_time": 37.5,
    "max_capacity": 4.0
  },
  "D1": {
    "id": 1,
    "origin_xc": 551.465510389,
    "origin_yc": 6708.2634056649995,
    "destination_xc": 583.824468196,
    "destination_yc": 6693.563892202001,
    "lower_tw": 120,
    "upper_tw": 150,
    "max_ride_time": 49.5,
    "max_capacity": 4.0
  },
  "D2": {
    "id": 2,
    "origin_xc": 545.727501836,
    "origin_yc": 6717.6180359360005,
    "destination_xc": 583.825468196,
    "destination_yc": 6693.564892202001,
    "lower_tw": 120,
    "upper_tw": 150,
    "max_ride_time": 61.5,
    "max_capacity": 4.0
  },
  "D3": {
    "id": 3,
    "origin_xc": 570.202970265,
    "origin_yc": 6682.11385401,
    "destination_xc": 591.3189424230001,
    "destination_yc": 6705.161702589,
    "lower_tw": 120,
    "upper_tw": 150,
    "max_ride_time": 36.0,
    "max_capacity": 4.0
  },
  "D4": {
    "id": 4,
    "origin_xc": 568.938441886,
    "origin_yc": 6704.431296241,
    "destination_xc": 591.319942423,
    "destination_yc": 6705.162702589,
    "lower_tw": 120,
    "upper_tw": 150,
    "max_ride_time": 42.0,
    "max_capacity": 4.0
  },
  "D5": {
    "id": 5,
    "origin_xc": 568.9394418859999,
    "origin_yc": 6704.432296241001,
    "destination_xc": 591.320942423,
    "destination_yc": 6705.163702589,
    "lower_tw": 120,
    "upper_tw": 150,
    "max_ride_time": 42.0,
    "max_capacity": 4.0
  },
  "D6": {
    "id": 6,
    "origin_xc": 559.508319768,
    "origin_yc": 6704.602270203,
    "destination_xc": 584.508583653,
    "destination_yc": 6703.353950079,
    "lower_tw": 120,
    "upper_tw": 150,
    "max_ride_time": 31.5,
    "max_capacity": 4.0
  }
}