{
  "P13": {
    "id": 13,
    "origin_xc": 564.867087073,
    "origin_yc": 6700.377149683,
    "destination_xc": 591.3289424230001,
    "destination_yc": 6705.171702589,
    "lower_tw": 120,
    "upper_tw": 150,
    "max_ride_time": 52.0
  },
  "P14": {
    "id": 14,
    "origin_xc": 554.392145513,
    "origin_yc": 6704.422422671,
    "destination_xc": 591.329942423,
    "destination_yc": 6705.172702589,
    "lower_tw": 120,
    "upper_tw": 150,
    "max_ride_time": 66.0
  },
  "P15": {
    "id": 15,
    "origin_xc": 568.590510993,
    "origin_yc": 6700.860758781,
    "destination_xc": 583.838468196,
    "destination_yc": 6693.577892202001,
    "lower_tw": 120,
    "upper_tw": 150,
    "max_ride_time": 38.0
  },
  "P16": {
    "id": 16,
    "origin_xc": 553.125064462,
    "origin_yc": 6690.3150968439995,
    "destination_xc": 591.331942423,
    "destination_yc": 6705.174702589,
    "lower_tw": 120,
    "upper_tw": 150,
    "max_ride_time": 94.0
  },
  "P17": {
    "id": 17,
    "origin_xc": 559.5193197680001,
    "origin_yc": 6704.613270203,
    "destination_xc": 594.2408044550001,
    "destination_yc": 6701.633244521,
    "lower_tw": 120,
    "upper_tw": 150,
    "max_ride_time": 58.0
  },
  "P18": {
    "id": 18,
    "origin_xc": 572.1119885250001,
    "origin_yc": 6702.142942743,
    "destination_xc": 594.2418044550001,
    "destination_yc": 6701.634244521,
    "lower_tw": 120,
    "upper_tw": 150,
    "max_ride_time": 38.0
  },
  "P19": {
    "id": 19,
    "origin_xc": 561.333293509,
    "origin_yc": 6703.786498438,
    "destination_xc": 594.242804455,
    "destination_yc": 6701.6352445210005,
    "lower_tw": 120,
    "upper_tw": 150,
    "max_ride_time": 58.0
  },
  "P20": {
    "id": 20,
    "origin_xc": 572.1139885250001,
    "origin_yc": 6702.144942743001,
    "destination_xc": 584.522583653,
    "destination_yc": 6703.367950079,
    "lower_tw": 120,
    "upper_tw": 150,
    "max_ride_time": 22.0
  },
  "P21": {
    "id": 21,
    "origin_xc": 564.8750870729999,
    "origin_yc": 6700.385149683,
    "destination_xc": 584.523583653,
    "destination_yc": 6703.368950079,
    "lower_tw": 120,
    "upper_tw": 150,
    "max_ride_time": 38.0
  },
  "P22": {
    "id": 22,
    "origin_xc": 553.131064462,
    "origin_yc": 6690.321096844,
    "destination_xc": 584.524583653,
    "destination_yc": 6703.369950079,
    "lower_tw": 120,
    "upper_tw": 150,
    "max_ride_time": 80.0
  },
  "P23": {
    "id": 23,
    "origin_xc": 554.401145513,
    "origin_yc": 6704.431422671,
    "destination_xc": 594.2468044550001,
    "destination_yc": 6701.639244521,
    "lower_tw": 120,
    "upper_tw": 150,
    "max_ride_time": 68.0
  },
  "P24": {
    "id": 24,
    "origin_xc": 566.906662785,
    "origin_yc": 6700.594870785,
    "destination_xc": 591.339942423,
    "destination_yc": 6705.182702589001,
    "lower_tw": 120,
    "upper_tw": 150,
    "max_ride_time": 44.0
  },
  "P25": {
    "id": 25,
    "origin_xc": 554.4031455129999,
    "origin_yc": 6704.433422671,
    "destination_xc": 583.848468196,
    "destination_yc": 6693.587892202,
    "lower_tw": 120,
    "upper_tw": 150,
    "max_ride_time": 60.0
  },
  "P26": {
    "id": 26,
    "origin_xc": 566.962285928,
    "origin_yc": 6703.028563748,
    "destination_xc": 584.5285836529999,
    "destination_yc": 6703.373950079,
    "lower_tw": 120,
    "upper_tw": 150,
    "max_ride_time": 40.0
  },
  "P27": {
    "id": 27,
    "origin_xc": 572.1209885250001,
    "origin_yc": 6702.151942743,
    "destination_xc": 584.529583653,
    "destination_yc": 6703.374950079,
    "lower_tw": 120,
    "upper_tw": 150,
    "max_ride_time": 22.0
  },
  "P28": {
    "id": 28,
    "origin_xc": 572.038611754,
    "origin_yc": 6700.657822936,
    "destination_xc": 594.2518044550001,
    "destination_yc": 6701.6442445210005,
    "lower_tw": 120,
    "upper_tw": 150,
    "max_ride_time": 50.0
  },
  "P29": {
    "id": 29,
    "origin_xc": 572.039611754,
    "origin_yc": 6700.658822936,
    "destination_xc": 594.252804455,
    "destination_yc": 6701.645244521001,
    "lower_tw": 120,
    "upper_tw": 150,
    "max_ride_time": 50.0
  },
  "P30": {
    "id": 30,
    "origin_xc": 566.912662785,
    "origin_yc": 6700.600870785,
    "destination_xc": 591.345942423,
    "destination_yc": 6705.188702589,
    "lower_tw": 120,
    "upper_tw": 150,
    "max_ride_time": 44.0
  },
  "P31": {
    "id": 31,
    "origin_xc": 559.533319768,
    "origin_yc": 6704.627270203,
    "destination_xc": 583.854468196,
    "destination_yc": 6693.5938922020005,
    "lower_tw": 120,
    "upper_tw": 150,
    "max_ride_time": 50.0
  },
  "P32": {
    "id": 32,
    "origin_xc": 572.1259885250001,
    "origin_yc": 6702.156942743,
    "destination_xc": 594.2558044550001,
    "destination_yc": 6701.648244521,
    "lower_tw": 120,
    "upper_tw": 150,
    "max_ride_time": 38.0
  },
  "P33": {
    "id": 33,
    "origin_xc": 564.887087073,
    "origin_yc": 6700.397149683001,
    "destination_xc": 583.856468196,
    "destination_yc": 6693.595892202001,
    "lower_tw": 120,
    "upper_tw": 150,
    "max_ride_time": 46.0
  },
  "P34": {
    "id": 34,
    "origin_xc": 572.044611754,
    "origin_yc": 6700.663822936,
    "destination_xc": 583.857468196,
    "destination_yc": 6693.596892202,
    "lower_tw": 120,
    "upper_tw": 150,
    "max_ride_time": 42.0
  },
  "P35": {
    "id": 35,
    "origin_xc": 572.1289885250001,
    "origin_yc": 6702.159942743,
    "destination_xc": 591.350942423,
    "destination_yc": 6705.193702589,
    "lower_tw": 120,
    "upper_tw": 150,
    "max_ride_time": 36.0
  },
  "P36": {
    "id": 36,
    "origin_xc": 572.129988525,
    "origin_yc": 6702.160942743,
    "destination_xc": 584.5385836529999,
    "destination_yc": 6703.383950079,
    "lower_tw": 120,
    "upper_tw": 150,
    "max_ride_time": 22.0
  },
  "P37": {
    "id": 37,
    "origin_xc": 568.612510993,
    "origin_yc": 6700.882758781,
    "destination_xc": 583.860468196,
    "destination_yc": 6693.599892202001,
    "lower_tw": 120,
    "upper_tw": 150,
    "max_ride_time": 38.0
  },
  "P38": {
    "id": 38,
    "origin_xc": 566.9742859280001,
    "origin_yc": 6703.040563748,
    "destination_xc": 591.353942423,
    "destination_yc": 6705.196702589,
    "lower_tw": 120,
    "upper_tw": 150,
    "max_ride_time": 54.0
  },
  "P39": {
    "id": 39,
    "origin_xc": 566.9752859280001,
    "origin_yc": 6703.041563748,
    "destination_xc": 584.541583653,
    "destination_yc": 6703.386950079,
    "lower_tw": 120,
    "upper_tw": 150,
    "max_ride_time": 40.0
  },
  "P40": {
    "id": 40,
    "origin_xc": 568.6155109929999,
    "origin_yc": 6700.885758781,
    "destination_xc": 591.355942423,
    "destination_yc": 6705.198702589,
    "lower_tw": 120,
    "upper_tw": 150,
    "max_ride_time": 44.0
  },
  "P41": {
    "id": 41,
    "origin_xc": 572.0516117540001,
    "origin_yc": 6700.670822936,
    "destination_xc": 594.2648044550001,
    "destination_yc": 6701.657244521,
    "lower_tw": 120,
    "upper_tw": 150,
    "max_ride_time": 50.0
  },
  "P42": {
    "id": 42,
    "origin_xc": 553.151064462,
    "origin_yc": 6690.341096844,
    "destination_xc": 584.544583653,
    "destination_yc": 6703.389950079,
    "lower_tw": 120,
    "upper_tw": 150,
    "max_ride_time": 80.0
  },
  "P43": {
    "id": 43,
    "origin_xc": 564.897087073,
    "origin_yc": 6700.407149683,
    "destination_xc": 583.866468196,
    "destination_yc": 6693.605892202,
    "lower_tw": 120,
    "upper_tw": 150,
    "max_ride_time": 46.0
  },
  "P44": {
    "id": 44,
    "origin_xc": 554.4221455129999,
    "origin_yc": 6704.452422671,
    "destination_xc": 594.267804455,
    "destination_yc": 6701.660244521,
    "lower_tw": 120,
    "upper_tw": 150,
    "max_ride_time": 68.0
  },
  "P45": {
    "id": 45,
    "origin_xc": 554.4231455129999,
    "origin_yc": 6704.453422671,
    "destination_xc": 591.360942423,
    "destination_yc": 6705.203702589,
    "lower_tw": 120,
    "upper_tw": 150,
    "max_ride_time": 66.0
  },