{
  "D0": {
    "id": 0,
    "origin_xc": 566.9362859280001,
    "origin_yc": 6703.002563748,
    "destination_xc": 583.823468196,
    "destination_yc": 6693.5628922020005,
    "lower_tw": 120,
    "upper_tw": 150,
    "max_ride_time": 48.0,
    "max_capacity": 4.0
  },
  "D1": {
    "id": 1,
    "origin_xc": 572.011611754,
    "origin_yc": 6700.630822936,
    "destination_xc": 594.224804455,
    "destination_yc": 6701.617244521,
    "lower_tw": 120,
    "upper_tw": 150,
    "max_ride_time": 50.0,
    "max_capacity": 4.0
  },
  "D2": {
    "id": 2,
    "origin_xc": 566.938285928,
    "origin_yc": 6703.004563748001,
    "destination_xc": 594.225804455,
    "destination_yc": 6701.618244521001,
    "lower_tw": 120,
    "upper_tw": 150,
    "max_ride_time": 56.0,
    "max_capacity": 4.0
  },
  "D3": {
    "id": 3,
    "origin_xc": 570.202970265,
    "origin_yc": 6682.11385401,
    "destination_xc": 584.505583653,
    "destination_yc": 6703.350950079,
    "lower_tw": 120,
    "upper_tw": 150,
    "max_ride_time": 34.0,
    "max_capacity": 4.0
  },
  "D4": {
    "id": 4,
    "origin_xc": 572.014611754,
    "origin_yc": 6700.633822936,
    "destination_xc": 594.2278044550001,
    "destination_yc": 6701.620244521,
    "lower_tw": 120,
    "upper_tw": 150,
    "max_ride_time": 50.0,
    "max_capacity": 4.0
  }
}