{
  "D0": {
    "id": 0,
    "origin_xc": 531.8868452070001,
    "origin_yc": 6734.647212441,
    "destination_xc": 584.502583653,
    "destination_yc": 6703.347950079,
    "lower_tw": 120,
    "upper_tw": 150,
    "max_ride_time": 124.0,
    "max_capacity": 4.0
  },
  "D1": {
    "id": 1,
    "origin_xc": 545.726501836,
    "origin_yc": 6717.617035936,
    "destination_xc": 594.224804455,
    "destination_yc": 6701.617244521,
    "lower_tw": 120,
    "upper_tw": 150,
    "max_ride_time": 90.0,
    "max_capacity": 4.0
  },
  "D2": {
    "id": 2,
    "origin_xc": 559.504319768,
    "origin_yc": 6704.5982702030005,
    "destination_xc": 583.825468196,
    "destination_yc": 6693.564892202001,
    "lower_tw": 120,
    "upper_tw": 150,
    "max_ride_time": 50.0,
    "max_capacity": 4.0
  },
  "D3": {
    "id": 3,
    "origin_xc": 543.200775708,
    "origin_yc": 6721.004288268,
    "destination_xc": 591.3189424230001,
    "destination_yc": 6705.161702589,
    "lower_tw": 120,
    "upper_tw": 150,
    "max_ride_time": 100.0,
    "max_capacity": 4.0
  },
  "D4": {
    "id": 4,
    "origin_xc": 570.666150688,
    "origin_yc": 6698.574605428,
    "destination_xc": 584.506583653,
    "destination_yc": 6703.351950079,
    "lower_tw": 120,
    "upper_tw": 150,
    "max_ride_time": 40.0,
    "max_capacity": 4.0
  }
}