{
  "P2": {
    "id": 2,
    "origin_xc": 564.8560870729999,
    "origin_yc": 6700.366149683001,
    "destination_xc": 584.5045836529999,
    "destination_yc": 6703.349950079,
    "lower_tw": 120,
    "upper_tw": 150,
    "max_ride_time": 28.5
  },
  "P3": {
    "id": 3,
    "origin_xc": 559.505319768,
    "origin_yc": 6704.599270203,
    "destination_xc": 591.3189424230001,
    "destination_yc": 6705.161702589,
    "lower_tw": 120,
    "upper_tw": 150,
    "max_ride_time": 42.0
  },
  "P4": {
    "id": 4,
    "origin_xc": 566.9402859280001,
    "origin_yc": 6703.006563748,
    "destination_xc": 591.319942423,
    "destination_yc": 6705.162702589,
    "lower_tw": 120,
    "upper_tw": 150,
    "max_ride_time": 40.5
  }
}