{
  "P3": {
    "id": 3,
    "origin_xc": 568.578510993,
    "origin_yc": 6700.848758781,
    "destination_xc": 594.2268044550001,
    "destination_yc": 6701.619244521,
    "lower_tw": 120,
    "upper_tw": 150,
    "max_ride_time": 46.0
  },
  "P4": {
    "id": 4,
    "origin_xc": 564.858087073,
    "origin_yc": 6700.368149683,
    "destination_xc": 591.319942423,
    "destination_yc": 6705.162702589,
    "lower_tw": 120,
    "upper_tw": 150,
    "max_ride_time": 52.0
  },
  "P5": {
    "id": 5,
    "origin_xc": 572.015611754,
    "origin_yc": 6700.634822936,
    "destination_xc": 583.828468196,
    "destination_yc": 6693.567892202001,
    "lower_tw": 120,
    "upper_tw": 150,
    "max_ride_time": 42.0
  },
  "P6": {
    "id": 6,
    "origin_xc": 564.8600870729999,
    "origin_yc": 6700.370149683001,
    "destination_xc": 594.229804455,
    "destination_yc": 6701.6222445210005,
    "lower_tw": 120,
    "upper_tw": 150,
    "max_ride_time": 54.0
  },
  "P7": {
    "id": 7,
    "origin_xc": 561.3212935089999,
    "origin_yc": 6703.774498438,
    "destination_xc": 584.5095836529999,
    "destination_yc": 6703.3549500789995,
    "lower_tw": 120,
    "upper_tw": 150,
    "max_ride_time": 42.0
  },
  "P8": {
    "id": 8,
    "origin_xc": 566.890662785,
    "origin_yc": 6700.578870785,
    "destination_xc": 583.8314681960001,
    "destination_yc": 6693.570892202,
    "lower_tw": 120,
    "upper_tw": 150,
    "max_ride_time": 38.0
  },
  "P9": {
    "id": 9,
    "origin_xc": 554.387145513,
    "origin_yc": 6704.417422671,
    "destination_xc": 584.511583653,
    "destination_yc": 6703.356950079,
    "lower_tw": 120,
    "upper_tw": 150,
    "max_ride_time": 52.0
  },
  "P10": {
    "id": 10,
    "origin_xc": 572.1039885250001,
    "origin_yc": 6702.1349427430005,
    "destination_xc": 594.233804455,
    "destination_yc": 6701.626244521,
    "lower_tw": 120,
    "upper_tw": 150,
    "max_ride_time": 38.0
  },
  "P11": {
    "id": 11,
    "origin_xc": 572.1049885250001,
    "origin_yc": 6702.135942743001,
    "destination_xc": 583.834468196,
    "destination_yc": 6693.573892202001,
    "lower_tw": 120,
    "upper_tw": 150,
    "max_ride_time": 30.0
  }
}