{
  "D0": {
    "id": 0,
    "origin_xc": 572.255746122,
    "origin_yc": 6703.599079581,
    "destination_xc": 594.223804455,
    "destination_yc": 6701.616244521,
    "lower_tw": 120,
    "upper_tw": 150,
    "max_ride_time": 44.0,
    "max_capacity": 4.0
  },
  "D1": {
    "id": 1,
    "origin_xc": 566.883662785,
    "origin_yc": 6700.571870785,
    "destination_xc": 594.224804455,
    "destination_yc": 6701.617244521,
    "lower_tw": 120,
    "upper_tw": 150,
    "max_ride_time": 46.0,
    "max_capacity": 4.0
  },
  "D2": {
    "id": 2,
    "origin_xc": 566.8846627849999,
    "origin_yc": 6700.572870785,
    "destination_xc": 594.225804455,
    "destination_yc": 6701.618244521001,
    "lower_tw": 120,
    "upper_tw": 150,
    "max_ride_time": 46.0,
    "max_capacity": 4.0
  },
  "D3": {
    "id": 3,
    "origin_xc": 562.6291176450001,
    "origin_yc": 6686.514171345,
    "destination_xc": 583.8264681960001,
    "destination_yc": 6693.565892202,
    "lower_tw": 120,
    "upper_tw": 150,
    "max_ride_time": 80.0,
    "max_capacity": 4.0
  },
  "D4": {
    "id": 4,
    "origin_xc": 570.666150688,
    "origin_yc": 6698.574605428,
    "destination_xc": 583.827468196,
    "destination_yc": 6693.566892202,
    "lower_tw": 120,
    "upper_tw": 150,
    "max_ride_time": 48.0,
    "max_capacity": 4.0
  },
  "D5": {
    "id": 5,
    "origin_xc": 572.015611754,
    "origin_yc": 6700.634822936,
    "destination_xc": 584.507583653,
    "destination_yc": 6703.352950079,
    "lower_tw": 120,
    "upper_tw": 150,
    "max_ride_time": 34.0,
    "max_capacity": 4.0
  },
  "D6": {
    "id": 6,
    "origin_xc": 561.320293509,
    "origin_yc": 6703.773498438,
    "destination_xc": 583.829468196,
    "destination_yc": 6693.568892202001,
    "lower_tw": 120,
    "upper_tw": 150,
    "max_ride_time": 50.0,
    "max_capacity": 4.0
  },
  "D7": {
    "id": 7,
    "origin_xc": 564.8610870729999,
    "origin_yc": 6700.371149683,
    "destination_xc": 591.322942423,
    "destination_yc": 6705.165702589,
    "lower_tw": 120,
    "upper_tw": 150,
    "max_ride_time": 52.0,
    "max_capacity": 4.0
  },
  "D8": {
    "id": 8,
    "origin_xc": 566.9442859280001,
    "origin_yc": 6703.010563748,
    "destination_xc": 584.510583653,
    "destination_yc": 6703.355950079,
    "lower_tw": 120,
    "upper_tw": 150,
    "max_ride_time": 40.0,
    "max_capacity": 4.0
  },
  "D9": {
    "id": 9,
    "origin_xc": 551.384693589,
    "origin_yc": 6709.119273042,
    "destination_xc": 584.511583653,
    "destination_yc": 6703.356950079,
    "lower_tw": 120,
    "upper_tw": 150,
    "max_ride_time": 64.0,
    "max_capacity": 4.0
  },
  "D10": {
    "id": 10,
    "origin_xc": 570.2099702649999,
    "origin_yc": 6682.120854010001,
    "destination_xc": 583.833468196,
    "destination_yc": 6693.572892202001,
    "lower_tw": 120,
    "upper_tw": 150,
    "max_ride_time": 42.0,
    "max_capacity": 4.0
  },
  "D11": {
    "id": 11,
    "origin_xc": 560.94571271,
    "origin_yc": 6681.90869369,
    "destination_xc": 583.834468196,
    "destination_yc": 6693.573892202001,
    "lower_tw": 120,
    "upper_tw": 150,
    "max_ride_time": 96.0,
    "max_capacity": 4.0
  },
  "D12": {
    "id": 12,
    "origin_xc": 565.9066869059999,
    "origin_yc": 6690.13079874,
    "destination_xc": 583.835468196,
    "destination_yc": 6693.574892202,
    "lower_tw": 120,
    "upper_tw": 150,
    "max_ride_time": 74.0,
    "max_capacity": 4.0
  },
  "D13": {
    "id": 13,
    "origin_xc": 545.7385018360001,
    "origin_yc": 6717.629035936,
    "destination_xc": 584.515583653,
    "destination_yc": 6703.360950079,
    "lower_tw": 120,
    "upper_tw": 150,
    "max_ride_time": 74.0,
    "max_capacity": 4.0
  },
  "D14": {
    "id": 14,
    "origin_xc": 561.328293509,
    "origin_yc": 6703.781498438,
    "destination_xc": 584.516583653,
    "destination_yc": 6703.361950079,
    "lower_tw": 120,
    "upper_tw": 150,
    "max_ride_time": 42.0,
    "max_capacity": 4.0
  },
  "D15": {
    "id": 15,
    "origin_xc": 560.94971271,
    "origin_yc": 6681.91269369,
    "destination_xc": 591.330942423,
    "destination_yc": 6705.173702589001,
    "lower_tw": 120,
    "upper_tw": 150,
    "max_ride_time": 102.0,
    "max_capacity": 4.0
  },
  "D16": {
    "id": 16,
    "origin_xc": 572.026611754,
    "origin_yc": 6700.645822936,
    "destination_xc": 594.239804455,
    "destination_yc": 6701.632244521,
    "lower_tw": 120,
    "upper_tw": 150,
    "max_ride_time": 50.0,
    "max_capacity": 4.0
  }
}