{
  "P5": {
    "id": 5,
    "origin_xc": 562.631117645,
    "origin_yc": 6686.516171345001,
    "destination_xc": 591.320942423,
    "destination_yc": 6705.163702589,
    "lower_tw": 120,
    "upper_tw": 150,
    "max_ride_time": 86.0
  },
  "P6": {
    "id": 6,
    "origin_xc": 562.749133779,
    "origin_yc": 6690.08372097,
    "destination_xc": 594.229804455,
    "destination_yc": 6701.6222445210005,
    "lower_tw": 120,
    "upper_tw": 150,
    "max_ride_time": 16.0
  },
  "P7": {
    "id": 7,
    "origin_xc": 551.3826935889999,
    "origin_yc": 6709.117273041999,
    "destination_xc": 594.230804455,
    "destination_yc": 6701.623244521,
    "lower_tw": 120,
    "upper_tw": 150,
    "max_ride_time": 80.0
  },
  "P8": {
    "id": 8,
    "origin_xc": 568.942441886,
    "origin_yc": 6704.435296241,
    "destination_xc": 584.510583653,
    "destination_yc": 6703.355950079,
    "lower_tw": 120,
    "upper_tw": 150,
    "max_ride_time": 42.0
  },
  "P9": {
    "id": 9,
    "origin_xc": 566.9452859280001,
    "origin_yc": 6703.011563748,
    "destination_xc": 591.324942423,
    "destination_yc": 6705.167702589,
    "lower_tw": 120,
    "upper_tw": 150,
    "max_ride_time": 54.0
  },
  "P10": {
    "id": 10,
    "origin_xc": 572.1039885250001,
    "origin_yc": 6702.1349427430005,
    "destination_xc": 583.833468196,
    "destination_yc": 6693.572892202001,
    "lower_tw": 120,
    "upper_tw": 150,
    "max_ride_time": 30.0
  },
  "P11": {
    "id": 11,
    "origin_xc": 566.893662785,
    "origin_yc": 6700.581870785,
    "destination_xc": 591.326942423,
    "destination_yc": 6705.169702589001,
    "lower_tw": 120,
    "upper_tw": 150,
    "max_ride_time": 44.0
  },
  "P12": {
    "id": 12,
    "origin_xc": 561.3262935089999,
    "origin_yc": 6703.779498438,
    "destination_xc": 591.327942423,
    "destination_yc": 6705.170702589,
    "lower_tw": 120,
    "upper_tw": 150,
    "max_ride_time": 54.0
  },
  "P13": {
    "id": 13,
    "origin_xc": 543.210775708,
    "origin_yc": 6721.014288268,
    "destination_xc": 591.3289424230001,
    "destination_yc": 6705.171702589,
    "lower_tw": 120,
    "upper_tw": 150,
    "max_ride_time": 100.0
  },
  "P14": {
    "id": 14,
    "origin_xc": 565.908686906,
    "origin_yc": 6690.13279874,
    "destination_xc": 583.837468196,
    "destination_yc": 6693.576892202001,
    "lower_tw": 120,
    "upper_tw": 150,
    "max_ride_time": 74.0
  }
}