{
  "P7": {
    "id": 7,
    "origin_location": "Knappskog",
    "destination_location": "Ytrebygda",
    "origin_xc": 561.3212935089999,
    "origin_yc": 6703.774498438,
    "destination_xc": 583.830468196,
    "destination_yc": 6693.569892202,
    "lower_tw": 120,
    "upper_tw": 150,
    "max_ride_time": 37.5
  },
  "P8": {
    "id": 8,
    "origin_location": "Kolltveit",
    "destination_location": "Laksev\u00e5g",
    "origin_xc": 564.862087073,
    "origin_yc": 6700.372149683,
    "destination_xc": 584.510583653,
    "destination_yc": 6703.355950079,
    "lower_tw": 120,
    "upper_tw": 150,
    "max_ride_time": 28.5
  },
  "P9": {
    "id": 9,
    "origin_location": "Straume",
    "destination_location": "Laksev\u00e5g",
    "origin_xc": 568.584510993,
    "origin_yc": 6700.854758781,
    "destination_xc": 584.511583653,
    "destination_yc": 6703.356950079,
    "lower_tw": 120,
    "upper_tw": 150,
    "max_ride_time": 22.5
  },
  "P10": {
    "id": 10,
    "origin_location": "Landro",
    "destination_location": "\u00c5rstad",
    "origin_xc": 551.474510389,
    "origin_yc": 6708.2724056649995,
    "destination_xc": 594.233804455,
    "destination_yc": 6701.626244521,
    "lower_tw": 120,
    "upper_tw": 150,
    "max_ride_time": 55.5
  },
  "P11": {
    "id": 11,
    "origin_location": "Hjelteryggen",
    "destination_location": "Ytrebygda",
    "origin_xc": 572.266746122,
    "origin_yc": 6703.610079581001,
    "destination_xc": 583.834468196,
    "destination_yc": 6693.573892202001,
    "lower_tw": 120,
    "upper_tw": 150,
    "max_ride_time": 27.0
  },
  "P12": {
    "id": 12,
    "origin_location": "Blom\u00f8y",
    "destination_location": "Ytrebygda",
    "origin_xc": 543.2097757079999,
    "origin_yc": 6721.013288268,
    "destination_xc": 583.835468196,
    "destination_yc": 6693.574892202,
    "lower_tw": 120,
    "upper_tw": 150,
    "max_ride_time": 70.5
  },
  "P13": {
    "id": 13,
    "origin_location": "Kolltveit",
    "destination_location": "Ytrebygda",
    "origin_xc": 564.867087073,
    "origin_yc": 6700.377149683,
    "destination_xc": 583.836468196,
    "destination_yc": 6693.575892202,
    "lower_tw": 120,
    "upper_tw": 150,
    "max_ride_time": 34.5
  },
  "P14": {
    "id": 14,
    "origin_location": "Arefjord",
    "destination_location": "\u00c5rstad",
    "origin_xc": 570.9353847230001,
    "origin_yc": 6701.114440955,
    "destination_xc": 594.2378044550001,
    "destination_yc": 6701.630244521,
    "lower_tw": 120,
    "upper_tw": 150,
    "max_ride_time": 34.5
  },
  "P15": {
    "id": 15,
    "origin_location": "Ebbesvika",
    "destination_location": "Ytrebygda",
    "origin_xc": 570.677150688,
    "origin_yc": 6698.585605428,
    "destination_xc": 583.838468196,
    "destination_yc": 6693.577892202001,
    "lower_tw": 120,
    "upper_tw": 150,
    "max_ride_time": 36.0
  },
  "P16": {
    "id": 16,
    "origin_location": "Blom\u00f8y",
    "destination_location": "Laksev\u00e5g",
    "origin_xc": 543.213775708,
    "origin_yc": 6721.017288268,
    "destination_xc": 584.518583653,
    "destination_yc": 6703.363950079,
    "lower_tw": 120,
    "upper_tw": 150,
    "max_ride_time": 64.5
  },
  "P17": {
    "id": 17,
    "origin_location": "Skogsv\u00e5g",
    "destination_location": "\u00c5rstad",
    "origin_xc": 565.911686906,
    "origin_yc": 6690.13579874,
    "destination_xc": 594.2408044550001,
    "destination_yc": 6701.633244521,
    "lower_tw": 120,
    "upper_tw": 150,
    "max_ride_time": 61.5
  },
  "P18": {
    "id": 18,
    "origin_location": "Foldnes",
    "destination_location": "Ytrebygda",
    "origin_xc": 566.9542859280001,
    "origin_yc": 6703.020563748,
    "destination_xc": 583.841468196,
    "destination_yc": 6693.5808922020005,
    "lower_tw": 120,
    "upper_tw": 150,
    "max_ride_time": 36.0
  },
  "P19": {
    "id": 19,
    "origin_location": "Kleppe",
    "destination_location": "Laksev\u00e5g",
    "origin_xc": 570.2189702649999,
    "origin_yc": 6682.129854010001,
    "destination_xc": 584.521583653,
    "destination_yc": 6703.366950079,
    "lower_tw": 120,
    "upper_tw": 150,
    "max_ride_time": 25.5
  },
  "P20": {
    "id": 20,
    "origin_location": "Tofter\u00f8y",
    "destination_location": "Laksev\u00e5g",
    "origin_xc": 560.95471271,
    "origin_yc": 6681.91769369,
    "destination_xc": 584.522583653,
    "destination_yc": 6703.367950079,
    "lower_tw": 120,
    "upper_tw": 150,
    "max_ride_time": 66.0
  },
  "P21": {
    "id": 21,
    "origin_location": "V\u00e5go",
    "destination_location": "Ytrebygda",
    "origin_xc": 568.9554418859999,
    "origin_yc": 6704.448296241,
    "destination_xc": 583.844468196,
    "destination_yc": 6693.583892202,
    "lower_tw": 120,
    "upper_tw": 150,
    "max_ride_time": 37.5
  },
  "P22": {
    "id": 22,
    "origin_location": "K\u00e5rtveit",
    "destination_location": "\u00c5rstad",
    "origin_xc": 554.400145513,
    "origin_yc": 6704.430422671,
    "destination_xc": 594.2458044550001,
    "destination_yc": 6701.638244521,
    "lower_tw": 120,
    "upper_tw": 150,
    "max_ride_time": 51.0
  },
  "P23": {
    "id": 23,
    "origin_location": "Blom\u00f8y",
    "destination_location": "\u00c5rstad",
    "origin_xc": 543.220775708,
    "origin_yc": 6721.024288268,
    "destination_xc": 594.2468044550001,
    "destination_yc": 6701.639244521,
    "lower_tw": 120,
    "upper_tw": 150,
    "max_ride_time": 78.0
  },
  "P24": {
    "id": 24,
    "origin_location": "Spjeld",
    "destination_location": "\u00c5rstad",
    "origin_xc": 559.526319768,
    "origin_yc": 6704.6202702030005,
    "destination_xc": 594.247804455,
    "destination_yc": 6701.640244521001,
    "lower_tw": 120,
    "upper_tw": 150,
    "max_ride_time": 43.5
  },
  "P25": {
    "id": 25,
    "origin_location": "Knarrevik",
    "destination_location": "\u00c5rstad",
    "origin_xc": 572.1189885250001,
    "origin_yc": 6702.149942743,
    "destination_xc": 594.248804455,
    "destination_yc": 6701.641244521,
    "lower_tw": 120,
    "upper_tw": 150,
    "max_ride_time": 28.5
  }
}