{
  "P20": {
    "id": 20,
    "origin_xc": 572.030611754,
    "origin_yc": 6700.649822936,
    "destination_xc": 584.522583653,
    "destination_yc": 6703.367950079,
    "lower_tw": 120,
    "upper_tw": 150,
    "max_ride_time": 34.0
  },
  "P21": {
    "id": 21,
    "origin_xc": 572.1149885250001,
    "origin_yc": 6702.145942743,
    "destination_xc": 583.844468196,
    "destination_yc": 6693.583892202,
    "lower_tw": 120,
    "upper_tw": 150,
    "max_ride_time": 30.0
  },
  "P22": {
    "id": 22,
    "origin_xc": 568.597510993,
    "origin_yc": 6700.867758781,
    "destination_xc": 584.524583653,
    "destination_yc": 6703.369950079,
    "lower_tw": 120,
    "upper_tw": 150,
    "max_ride_time": 30.0
  },
  "P23": {
    "id": 23,
    "origin_xc": 572.1169885250001,
    "origin_yc": 6702.147942743,
    "destination_xc": 584.525583653,
    "destination_yc": 6703.370950079,
    "lower_tw": 120,
    "upper_tw": 150,
    "max_ride_time": 22.0
  },
  "P24": {
    "id": 24,
    "origin_xc": 572.1179885250001,
    "origin_yc": 6702.148942743001,
    "destination_xc": 584.526583653,
    "destination_yc": 6703.371950079,
    "lower_tw": 120,
    "upper_tw": 150,
    "max_ride_time": 22.0
  },
  "P25": {
    "id": 25,
    "origin_xc": 566.907662785,
    "origin_yc": 6700.5958707849995,
    "destination_xc": 584.527583653,
    "destination_yc": 6703.372950079,
    "lower_tw": 120,
    "upper_tw": 150,
    "max_ride_time": 30.0
  },
  "P26": {
    "id": 26,
    "origin_xc": 566.962285928,
    "origin_yc": 6703.028563748,
    "destination_xc": 594.249804455,
    "destination_yc": 6701.642244521,
    "lower_tw": 120,
    "upper_tw": 150,
    "max_ride_time": 56.0
  },
  "P27": {
    "id": 27,
    "origin_xc": 568.602510993,
    "origin_yc": 6700.872758781,
    "destination_xc": 583.8504681960001,
    "destination_yc": 6693.589892202001,
    "lower_tw": 120,
    "upper_tw": 150,
    "max_ride_time": 38.0
  },
  "P28": {
    "id": 28,
    "origin_xc": 566.9642859280001,
    "origin_yc": 6703.0305637480005,
    "destination_xc": 594.2518044550001,
    "destination_yc": 6701.6442445210005,
    "lower_tw": 120,
    "upper_tw": 150,
    "max_ride_time": 56.0
  },
  "P29": {
    "id": 29,
    "origin_xc": 559.531319768,
    "origin_yc": 6704.625270203001,
    "destination_xc": 583.852468196,
    "destination_yc": 6693.591892202001,
    "lower_tw": 120,
    "upper_tw": 150,
    "max_ride_time": 50.0
  },
  "P30": {
    "id": 30,
    "origin_xc": 559.532319768,
    "origin_yc": 6704.626270203,
    "destination_xc": 583.853468196,
    "destination_yc": 6693.592892202,
    "lower_tw": 120,
    "upper_tw": 150,
    "max_ride_time": 50.0
  },
  "P31": {
    "id": 31,
    "origin_xc": 566.9136627849999,
    "origin_yc": 6700.601870785,
    "destination_xc": 584.5335836529999,
    "destination_yc": 6703.378950079,
    "lower_tw": 120,
    "upper_tw": 150,
    "max_ride_time": 30.0
  },
  "P32": {
    "id": 32,
    "origin_xc": 553.141064462,
    "origin_yc": 6690.331096844,
    "destination_xc": 583.8554681960001,
    "destination_yc": 6693.594892202001,
    "lower_tw": 120,
    "upper_tw": 150,
    "max_ride_time": 88.0
  },
  "P33": {
    "id": 33,
    "origin_xc": 553.142064462,
    "origin_yc": 6690.332096844,
    "destination_xc": 594.2568044550001,
    "destination_yc": 6701.649244521001,
    "lower_tw": 120,
    "upper_tw": 150,
    "max_ride_time": 96.0
  },
  "P34": {
    "id": 34,
    "origin_xc": 572.1279885250001,
    "origin_yc": 6702.158942743,
    "destination_xc": 591.349942423,
    "destination_yc": 6705.192702589,
    "lower_tw": 120,
    "upper_tw": 150,
    "max_ride_time": 36.0
  },
  "P35": {
    "id": 35,
    "origin_xc": 566.917662785,
    "origin_yc": 6700.605870785,
    "destination_xc": 583.858468196,
    "destination_yc": 6693.597892202,
    "lower_tw": 120,
    "upper_tw": 150,
    "max_ride_time": 38.0
  },
  "P36": {
    "id": 36,
    "origin_xc": 553.1450644619999,
    "origin_yc": 6690.335096844,
    "destination_xc": 591.351942423,
    "destination_yc": 6705.194702589,
    "lower_tw": 120,
    "upper_tw": 150,
    "max_ride_time": 94.0
  },
  "P37": {
    "id": 37,
    "origin_xc": 568.612510993,
    "origin_yc": 6700.882758781,
    "destination_xc": 594.2608044550001,
    "destination_yc": 6701.6532445210005,
    "lower_tw": 120,
    "upper_tw": 150,
    "max_ride_time": 46.0
  },
  "P38": {
    "id": 38,
    "origin_xc": 553.147064462,
    "origin_yc": 6690.3370968439995,
    "destination_xc": 591.353942423,
    "destination_yc": 6705.196702589,
    "lower_tw": 120,
    "upper_tw": 150,
    "max_ride_time": 94.0
  },
  "P39": {
    "id": 39,
    "origin_xc": 561.353293509,
    "origin_yc": 6703.806498438,
    "destination_xc": 584.541583653,
    "destination_yc": 6703.386950079,
    "lower_tw": 120,
    "upper_tw": 150,
    "max_ride_time": 42.0
  },
  "P40": {
    "id": 40,
    "origin_xc": 572.1339885250001,
    "origin_yc": 6702.164942743,
    "destination_xc": 591.355942423,
    "destination_yc": 6705.198702589,
    "lower_tw": 120,
    "upper_tw": 150,
    "max_ride_time": 36.0
  },
  "P41": {
    "id": 41,
    "origin_xc": 564.895087073,
    "origin_yc": 6700.405149683001,
    "destination_xc": 591.3569424230001,
    "destination_yc": 6705.1997025890005,
    "lower_tw": 120,
    "upper_tw": 150,
    "max_ride_time": 52.0
  },
  "P42": {
    "id": 42,
    "origin_xc": 566.924662785,
    "origin_yc": 6700.612870785,
    "destination_xc": 583.865468196,
    "destination_yc": 6693.604892202001,
    "lower_tw": 120,
    "upper_tw": 150,
    "max_ride_time": 38.0
  },
  "P43": {
    "id": 43,
    "origin_xc": 553.152064462,
    "origin_yc": 6690.342096844,
    "destination_xc": 583.866468196,
    "destination_yc": 6693.605892202,
    "lower_tw": 120,
    "upper_tw": 150,
    "max_ride_time": 88.0
  },
  "P44": {
    "id": 44,
    "origin_xc": 572.054611754,
    "origin_yc": 6700.673822936,
    "destination_xc": 583.867468196,
    "destination_yc": 6693.606892202,
    "lower_tw": 120,
    "upper_tw": 150,
    "max_ride_time": 42.0
  },
  "P45": {
    "id": 45,
    "origin_xc": 553.154064462,
    "origin_yc": 6690.344096844,
    "destination_xc": 583.868468196,
    "destination_yc": 6693.607892202001,
    "lower_tw": 120,
    "upper_tw": 150,
    "max_ride_time": 88.0
  },
  "P46": {
    "id": 46,
    "origin_xc": 566.928662785,
    "origin_yc": 6700.616870785,
    "destination_xc": 583.8694681960001,
    "destination_yc": 6693.608892202001,
    "lower_tw": 120,
    "upper_tw": 150,
    "max_ride_time": 38.0
  },
  "P47": {
    "id": 47,
    "origin_xc": 559.549319768,
    "origin_yc": 6704.643270203,
    "destination_xc": 591.362942423,
    "destination_yc": 6705.205702589,
    "lower_tw": 120,
    "upper_tw": 150,
    "max_ride_time": 56.0
  },
  "P48": {
    "id": 48,
    "origin_xc": 572.1419885250001,
    "origin_yc": 6702.172942743,
    "destination_xc": 583.871468196,
    "destination_yc": 6693.610892202,
    "lower_tw": 120,
    "upper_tw": 150,
    "max_ride_time": 30.0
  },
  "P49": {
    "id": 49,
    "origin_xc": 566.985285928,
    "origin_yc": 6703.051563748,
    "destination_xc": 584.551583653,
    "destination_yc": 6703.396950079,
    "lower_tw": 120,
    "upper_tw": 150,
    "max_ride_time": 40.0
  },
  "P50": {
    "id": 50,
    "origin_xc": 566.9326627849999,
    "origin_yc": 6700.620870785,
    "destination_xc": 594.273804455,
    "destination_yc": 6701.666244521,
    "lower_tw": 120,
    "upper_tw": 150,
    "max_ride_time": 46.0
  },
  "P51": {
    "id": 51,
    "origin_xc": 559.553319768,
    "origin_yc": 6704.6472702030005,
    "destination_xc": 583.8744681960001,
    "destination_yc": 6693.613892202001,
    "lower_tw": 120,
    "upper_tw": 150,
    "max_ride_time": 50.0
  },
  "P52": {
    "id": 52,
    "origin_xc": 561.366293509,
    "origin_yc": 6703.819498438,
    "destination_xc": 591.367942423,
    "destination_yc": 6705.210702589,
    "lower_tw": 120,
    "upper_tw": 150,
    "max_ride_time": 54.0
  },