{
  "D0": {
    "id": 0,
    "origin_location": "Knappskog",
    "destination_location": "Bergenhus",
    "origin_xc": 561.314293509,
    "origin_yc": 6703.767498438,
    "destination_xc": 591.315942423,
    "destination_yc": 6705.158702589,
    "lower_tw": 120,
    "upper_tw": 150,
    "max_ride_time": 40.5,
    "max_capacity": 4.0
  },
  "D1": {
    "id": 1,
    "origin_location": "Rong\u00f8y",
    "destination_location": "Bergenhus",
    "origin_xc": 545.726501836,
    "origin_yc": 6717.617035936,
    "destination_xc": 591.316942423,
    "destination_yc": 6705.1597025890005,
    "lower_tw": 120,
    "upper_tw": 150,
    "max_ride_time": 66.0,
    "max_capacity": 4.0
  },
  "D2": {
    "id": 2,
    "origin_location": "Landro",
    "destination_location": "Ytrebygda",
    "origin_xc": 551.466510389,
    "origin_yc": 6708.264405665,
    "destination_xc": 583.825468196,
    "destination_yc": 6693.564892202001,
    "lower_tw": 120,
    "upper_tw": 150,
    "max_ride_time": 49.5,
    "max_capacity": 4.0
  },
  "D3": {
    "id": 3,
    "origin_location": "Straume",
    "destination_location": "Bergenhus",
    "origin_xc": 568.578510993,
    "origin_yc": 6700.848758781,
    "destination_xc": 591.3189424230001,
    "destination_yc": 6705.161702589,
    "lower_tw": 120,
    "upper_tw": 150,
    "max_ride_time": 33.0,
    "max_capacity": 4.0
  },
  "D4": {
    "id": 4,
    "origin_location": "Vorland",
    "destination_location": "\u00c5rstad",
    "origin_xc": 562.630117645,
    "origin_yc": 6686.515171345,
    "destination_xc": 594.2278044550001,
    "destination_yc": 6701.620244521,
    "lower_tw": 120,
    "upper_tw": 150,
    "max_ride_time": 66.0,
    "max_capacity": 4.0
  },
  "D5": {
    "id": 5,
    "origin_location": "Blom\u00f8y",
    "destination_location": "Laksev\u00e5g",
    "origin_xc": 543.202775708,
    "origin_yc": 6721.006288268,
    "destination_xc": 584.507583653,
    "destination_yc": 6703.352950079,
    "lower_tw": 120,
    "upper_tw": 150,
    "max_ride_time": 64.5,
    "max_capacity": 4.0
  },
  "D6": {
    "id": 6,
    "origin_location": "Kleppe",
    "destination_location": "Laksev\u00e5g",
    "origin_xc": 570.2059702649999,
    "origin_yc": 6682.116854010001,
    "destination_xc": 584.508583653,
    "destination_yc": 6703.353950079,
    "lower_tw": 120,
    "upper_tw": 150,
    "max_ride_time": 25.5,
    "max_capacity": 4.0
  }
}