{
  "P22": {
    "id": 22,
    "origin_xc": 572.0326117540001,
    "origin_yc": 6700.651822936,
    "destination_xc": 594.2458044550001,
    "destination_yc": 6701.638244521,
    "lower_tw": 120,
    "upper_tw": 150,
    "max_ride_time": 50.0
  },
  "P23": {
    "id": 23,
    "origin_xc": 566.9592859280001,
    "origin_yc": 6703.025563748,
    "destination_xc": 583.846468196,
    "destination_yc": 6693.585892202001,
    "lower_tw": 120,
    "upper_tw": 150,
    "max_ride_time": 48.0
  },
  "P24": {
    "id": 24,
    "origin_xc": 572.1179885250001,
    "origin_yc": 6702.148942743001,
    "destination_xc": 594.247804455,
    "destination_yc": 6701.640244521001,
    "lower_tw": 120,
    "upper_tw": 150,
    "max_ride_time": 38.0
  },
  "P25": {
    "id": 25,
    "origin_xc": 566.961285928,
    "origin_yc": 6703.027563748,
    "destination_xc": 583.848468196,
    "destination_yc": 6693.587892202,
    "lower_tw": 120,
    "upper_tw": 150,
    "max_ride_time": 48.0
  },
  "P26": {
    "id": 26,
    "origin_xc": 572.036611754,
    "origin_yc": 6700.655822936,
    "destination_xc": 583.849468196,
    "destination_yc": 6693.588892202,
    "lower_tw": 120,
    "upper_tw": 150,
    "max_ride_time": 42.0
  },
  "P27": {
    "id": 27,
    "origin_xc": 553.136064462,
    "origin_yc": 6690.326096844,
    "destination_xc": 591.3429424230001,
    "destination_yc": 6705.185702589,
    "lower_tw": 120,
    "upper_tw": 150,
    "max_ride_time": 94.0
  },
  "P28": {
    "id": 28,
    "origin_xc": 568.603510993,
    "origin_yc": 6700.873758781,
    "destination_xc": 583.851468196,
    "destination_yc": 6693.590892202001,
    "lower_tw": 120,
    "upper_tw": 150,
    "max_ride_time": 38.0
  },
  "P29": {
    "id": 29,
    "origin_xc": 572.039611754,
    "origin_yc": 6700.658822936,
    "destination_xc": 584.531583653,
    "destination_yc": 6703.376950079,
    "lower_tw": 120,
    "upper_tw": 150,
    "max_ride_time": 34.0
  },
  "P30": {
    "id": 30,
    "origin_xc": 559.532319768,
    "origin_yc": 6704.626270203,
    "destination_xc": 591.345942423,
    "destination_yc": 6705.188702589,
    "lower_tw": 120,
    "upper_tw": 150,
    "max_ride_time": 56.0
  },
  "P31": {
    "id": 31,
    "origin_xc": 572.041611754,
    "origin_yc": 6700.660822936,
    "destination_xc": 594.254804455,
    "destination_yc": 6701.647244521,
    "lower_tw": 120,
    "upper_tw": 150,
    "max_ride_time": 50.0
  },
  "P32": {
    "id": 32,
    "origin_xc": 572.1259885250001,
    "origin_yc": 6702.156942743,
    "destination_xc": 583.8554681960001,
    "destination_yc": 6693.594892202001,
    "lower_tw": 120,
    "upper_tw": 150,
    "max_ride_time": 30.0
  },
  "P33": {
    "id": 33,
    "origin_xc": 566.9692859280001,
    "origin_yc": 6703.035563748001,
    "destination_xc": 594.2568044550001,
    "destination_yc": 6701.649244521001,
    "lower_tw": 120,
    "upper_tw": 150,
    "max_ride_time": 56.0
  },
  "P34": {
    "id": 34,
    "origin_xc": 568.609510993,
    "origin_yc": 6700.8797587809995,
    "destination_xc": 584.536583653,
    "destination_yc": 6703.381950079,
    "lower_tw": 120,
    "upper_tw": 150,
    "max_ride_time": 30.0
  },
  "P35": {
    "id": 35,
    "origin_xc": 568.6105109929999,
    "origin_yc": 6700.880758781,
    "destination_xc": 591.350942423,
    "destination_yc": 6705.193702589,
    "lower_tw": 120,
    "upper_tw": 150,
    "max_ride_time": 44.0
  },
  "P36": {
    "id": 36,
    "origin_xc": 566.972285928,
    "origin_yc": 6703.038563748,
    "destination_xc": 594.259804455,
    "destination_yc": 6701.652244521,
    "lower_tw": 120,
    "upper_tw": 150,
    "max_ride_time": 56.0
  },
  "P37": {
    "id": 37,
    "origin_xc": 566.9732859280001,
    "origin_yc": 6703.039563748001,
    "destination_xc": 594.2608044550001,
    "destination_yc": 6701.6532445210005,
    "lower_tw": 120,
    "upper_tw": 150,
    "max_ride_time": 56.0
  },
  "P38": {
    "id": 38,
    "origin_xc": 566.920662785,
    "origin_yc": 6700.608870784999,
    "destination_xc": 584.540583653,
    "destination_yc": 6703.3859500789995,
    "lower_tw": 120,
    "upper_tw": 150,
    "max_ride_time": 30.0
  },
  "P39": {
    "id": 39,
    "origin_xc": 572.049611754,
    "origin_yc": 6700.668822936,
    "destination_xc": 584.541583653,
    "destination_yc": 6703.386950079,
    "lower_tw": 120,
    "upper_tw": 150,
    "max_ride_time": 34.0
  },
  "P40": {
    "id": 40,
    "origin_xc": 564.8940870729999,
    "origin_yc": 6700.4041496830005,
    "destination_xc": 583.863468196,
    "destination_yc": 6693.6028922020005,
    "lower_tw": 120,
    "upper_tw": 150,
    "max_ride_time": 46.0
  },
  "P41": {
    "id": 41,
    "origin_xc": 572.0516117540001,
    "origin_yc": 6700.670822936,
    "destination_xc": 591.3569424230001,
    "destination_yc": 6705.1997025890005,
    "lower_tw": 120,
    "upper_tw": 150,
    "max_ride_time": 48.0
  },
  "P42": {
    "id": 42,
    "origin_xc": 566.9782859280001,
    "origin_yc": 6703.044563748001,
    "destination_xc": 583.865468196,
    "destination_yc": 6693.604892202001,
    "lower_tw": 120,
    "upper_tw": 150,
    "max_ride_time": 48.0
  },
  "P43": {
    "id": 43,
    "origin_xc": 572.053611754,
    "origin_yc": 6700.672822936,
    "destination_xc": 594.266804455,
    "destination_yc": 6701.659244521,
    "lower_tw": 120,
    "upper_tw": 150,
    "max_ride_time": 50.0
  },
  "P44": {
    "id": 44,
    "origin_xc": 572.1379885250001,
    "origin_yc": 6702.168942743,
    "destination_xc": 584.546583653,
    "destination_yc": 6703.391950079,
    "lower_tw": 120,
    "upper_tw": 150,
    "max_ride_time": 22.0
  },
  "P45": {
    "id": 45,
    "origin_xc": 553.154064462,
    "origin_yc": 6690.344096844,
    "destination_xc": 594.268804455,
    "destination_yc": 6701.661244521,
    "lower_tw": 120,
    "upper_tw": 150,
    "max_ride_time": 96.0
  },
  "P46": {
    "id": 46,
    "origin_xc": 566.928662785,
    "origin_yc": 6700.616870785,
    "destination_xc": 584.548583653,
    "destination_yc": 6703.393950079,
    "lower_tw": 120,
    "upper_tw": 150,
    "max_ride_time": 30.0
  },
  "P47": {
    "id": 47,
    "origin_xc": 566.9832859280001,
    "origin_yc": 6703.049563748,
    "destination_xc": 591.362942423,
    "destination_yc": 6705.205702589,
    "lower_tw": 120,
    "upper_tw": 150,
    "max_ride_time": 54.0
  },
  "P48": {
    "id": 48,
    "origin_xc": 572.058611754,
    "origin_yc": 6700.677822936,
    "destination_xc": 584.550583653,
    "destination_yc": 6703.395950079,
    "lower_tw": 120,
    "upper_tw": 150,
    "max_ride_time": 34.0
  },
  "P49": {
    "id": 49,
    "origin_xc": 566.985285928,
    "origin_yc": 6703.051563748,
    "destination_xc": 583.872468196,
    "destination_yc": 6693.6118922020005,
    "lower_tw": 120,
    "upper_tw": 150,
    "max_ride_time": 48.0
  },
  "P50": {
    "id": 50,
    "origin_xc": 553.159064462,
    "origin_yc": 6690.349096844,
    "destination_xc": 594.273804455,
    "destination_yc": 6701.666244521,
    "lower_tw": 120,
    "upper_tw": 150,
    "max_ride_time": 96.0
  },
  "P51": {
    "id": 51,
    "origin_xc": 572.0616117540001,
    "origin_yc": 6700.680822936,
    "destination_xc": 591.3669424230001,
    "destination_yc": 6705.209702589001,
    "lower_tw": 120,
    "upper_tw": 150,
    "max_ride_time": 48.0
  },
  "P52": {
    "id": 52,
    "origin_xc": 561.366293509,
    "origin_yc": 6703.819498438,
    "destination_xc": 591.367942423,
    "destination_yc": 6705.210702589,
    "lower_tw": 120,
    "upper_tw": 150,
    "max_ride_time": 54.0
  },
  "P53": {
    "id": 53,
    "origin_xc": 568.628510993,
    "origin_yc": 6700.898758781,
    "destination_xc": 584.555583653,
    "destination_yc": 6703.400950079,
    "lower_tw": 120,
    "upper_tw": 150,
    "max_ride_time": 30.0
  },
  "P54": {
    "id": 54,
    "origin_xc": 572.064611754,
    "origin_yc": 6700.683822936,
    "destination_xc": 591.369942423,
    "destination_yc": 6705.212702589,
    "lower_tw": 120,
    "upper_tw": 150,
    "max_ride_time": 48.0
  },