{
  "D0": {
    "id": 0,
    "origin_xc": 572.0939885250001,
    "origin_yc": 6702.124942743,
    "destination_xc": 583.823468196,
    "destination_yc": 6693.5628922020005,
    "lower_tw": 120,
    "upper_tw": 150,
    "max_ride_time": 30.0,
    "max_capacity": 4.0
  },
  "D1": {
    "id": 1,
    "origin_xc": 553.110064462,
    "origin_yc": 6690.300096844,
    "destination_xc": 583.824468196,
    "destination_yc": 6693.563892202001,
    "lower_tw": 120,
    "upper_tw": 150,
    "max_ride_time": 88.0,
    "max_capacity": 4.0
  },
  "D2": {
    "id": 2,
    "origin_xc": 566.938285928,
    "origin_yc": 6703.004563748001,
    "destination_xc": 583.825468196,
    "destination_yc": 6693.564892202001,
    "lower_tw": 120,
    "upper_tw": 150,
    "max_ride_time": 48.0,
    "max_capacity": 4.0
  },
  "D3": {
    "id": 3,
    "origin_xc": 561.317293509,
    "origin_yc": 6703.770498438,
    "destination_xc": 583.8264681960001,
    "destination_yc": 6693.565892202,
    "lower_tw": 120,
    "upper_tw": 150,
    "max_ride_time": 50.0,
    "max_capacity": 4.0
  },
  "D4": {
    "id": 4,
    "origin_xc": 559.506319768,
    "origin_yc": 6704.600270203,
    "destination_xc": 583.827468196,
    "destination_yc": 6693.566892202,
    "lower_tw": 120,
    "upper_tw": 150,
    "max_ride_time": 50.0,
    "max_capacity": 4.0
  },
  "D5": {
    "id": 5,
    "origin_xc": 568.580510993,
    "origin_yc": 6700.850758781,
    "destination_xc": 594.228804455,
    "destination_yc": 6701.621244521,
    "lower_tw": 120,
    "upper_tw": 150,
    "max_ride_time": 46.0,
    "max_capacity": 4.0
  },
  "D6": {
    "id": 6,
    "origin_xc": 561.320293509,
    "origin_yc": 6703.773498438,
    "destination_xc": 584.508583653,
    "destination_yc": 6703.353950079,
    "lower_tw": 120,
    "upper_tw": 150,
    "max_ride_time": 42.0,
    "max_capacity": 4.0
  },
  "D7": {
    "id": 7,
    "origin_xc": 561.3212935089999,
    "origin_yc": 6703.774498438,
    "destination_xc": 584.5095836529999,
    "destination_yc": 6703.3549500789995,
    "lower_tw": 120,
    "upper_tw": 150,
    "max_ride_time": 42.0,
    "max_capacity": 4.0
  },
  "D8": {
    "id": 8,
    "origin_xc": 561.322293509,
    "origin_yc": 6703.775498438,
    "destination_xc": 583.8314681960001,
    "destination_yc": 6693.570892202,
    "lower_tw": 120,
    "upper_tw": 150,
    "max_ride_time": 50.0,
    "max_capacity": 4.0
  },
  "D9": {
    "id": 9,
    "origin_xc": 572.019611754,
    "origin_yc": 6700.638822936,
    "destination_xc": 583.832468196,
    "destination_yc": 6693.5718922020005,
    "lower_tw": 120,
    "upper_tw": 150,
    "max_ride_time": 42.0,
    "max_capacity": 4.0
  },
  "D10": {
    "id": 10,
    "origin_xc": 554.3881455129999,
    "origin_yc": 6704.418422671,
    "destination_xc": 583.833468196,
    "destination_yc": 6693.572892202001,
    "lower_tw": 120,
    "upper_tw": 150,
    "max_ride_time": 60.0,
    "max_capacity": 4.0
  },
  "D11": {
    "id": 11,
    "origin_xc": 566.947285928,
    "origin_yc": 6703.013563748001,
    "destination_xc": 583.834468196,
    "destination_yc": 6693.573892202001,
    "lower_tw": 120,
    "upper_tw": 150,
    "max_ride_time": 48.0,
    "max_capacity": 4.0
  },
  "D12": {
    "id": 12,
    "origin_xc": 553.1210644619999,
    "origin_yc": 6690.311096844,
    "destination_xc": 583.835468196,
    "destination_yc": 6693.574892202,
    "lower_tw": 120,
    "upper_tw": 150,
    "max_ride_time": 88.0,
    "max_capacity": 4.0
  }
}