{
  "D0": {
    "id": 0,
    "origin_location": "Telav\u00e5g",
    "destination_location": "Ytrebygda",
    "origin_xc": 553.109064462,
    "origin_yc": 6690.299096844,
    "destination_xc": 583.823468196,
    "destination_yc": 6693.5628922020005,
    "lower_tw": 120,
    "upper_tw": 150,
    "max_ride_time": 66.0,
    "max_capacity": 4.0
  },
  "D1": {
    "id": 1,
    "origin_location": "Telav\u00e5g",
    "destination_location": "Laksev\u00e5g",
    "origin_xc": 553.110064462,
    "origin_yc": 6690.300096844,
    "destination_xc": 584.503583653,
    "destination_yc": 6703.348950079,
    "lower_tw": 120,
    "upper_tw": 150,
    "max_ride_time": 60.0,
    "max_capacity": 4.0
  },
  "D2": {
    "id": 2,
    "origin_location": "Knappskog",
    "destination_location": "Ytrebygda",
    "origin_xc": 561.3162935089999,
    "origin_yc": 6703.7694984380005,
    "destination_xc": 583.825468196,
    "destination_yc": 6693.564892202001,
    "lower_tw": 120,
    "upper_tw": 150,
    "max_ride_time": 37.5,
    "max_capacity": 4.0
  },
  "D3": {
    "id": 3,
    "origin_location": "Knappskog",
    "destination_location": "Bergenhus",
    "origin_xc": 561.317293509,
    "origin_yc": 6703.770498438,
    "destination_xc": 591.3189424230001,
    "destination_yc": 6705.161702589,
    "lower_tw": 120,
    "upper_tw": 150,
    "max_ride_time": 40.5,
    "max_capacity": 4.0
  },
  "D4": {
    "id": 4,
    "origin_location": "Knappskog",
    "destination_location": "Bergenhus",
    "origin_xc": 561.318293509,
    "origin_yc": 6703.771498438,
    "destination_xc": 591.319942423,
    "destination_yc": 6705.162702589,
    "lower_tw": 120,
    "upper_tw": 150,
    "max_ride_time": 40.5,
    "max_capacity": 4.0
  },
  "D5": {
    "id": 5,
    "origin_location": "Kleppest\u00f8",
    "destination_location": "Laksev\u00e5g",
    "origin_xc": 570.2049702649999,
    "origin_yc": 6682.1158540100005,
    "destination_xc": 584.507583653,
    "destination_yc": 6703.352950079,
    "lower_tw": 120,
    "upper_tw": 150,
    "max_ride_time": 25.5,
    "max_capacity": 4.0
  },
  "D6": {
    "id": 6,
    "origin_location": "Knappskog",
    "destination_location": "\u00c5rstad",
    "origin_xc": 561.320293509,
    "origin_yc": 6703.773498438,
    "destination_xc": 594.229804455,
    "destination_yc": 6701.6222445210005,
    "lower_tw": 120,
    "upper_tw": 150,
    "max_ride_time": 43.5,
    "max_capacity": 4.0
  }
}