{
  "P13": {
    "id": 13,
    "origin_xc": 566.895662785,
    "origin_yc": 6700.583870785,
    "destination_xc": 583.836468196,
    "destination_yc": 6693.575892202,
    "lower_tw": 120,
    "upper_tw": 150,
    "max_ride_time": 38.0
  },
  "P14": {
    "id": 14,
    "origin_xc": 554.392145513,
    "origin_yc": 6704.422422671,
    "destination_xc": 583.837468196,
    "destination_yc": 6693.576892202001,
    "lower_tw": 120,
    "upper_tw": 150,
    "max_ride_time": 60.0
  },
  "P15": {
    "id": 15,
    "origin_xc": 561.329293509,
    "origin_yc": 6703.782498438,
    "destination_xc": 591.330942423,
    "destination_yc": 6705.173702589001,
    "lower_tw": 120,
    "upper_tw": 150,
    "max_ride_time": 54.0
  },
  "P16": {
    "id": 16,
    "origin_xc": 561.330293509,
    "origin_yc": 6703.783498438,
    "destination_xc": 584.518583653,
    "destination_yc": 6703.363950079,
    "lower_tw": 120,
    "upper_tw": 150,
    "max_ride_time": 42.0
  },
  "P17": {
    "id": 17,
    "origin_xc": 572.0276117540001,
    "origin_yc": 6700.646822936,
    "destination_xc": 594.2408044550001,
    "destination_yc": 6701.633244521,
    "lower_tw": 120,
    "upper_tw": 150,
    "max_ride_time": 50.0
  },
  "P18": {
    "id": 18,
    "origin_xc": 561.332293509,
    "origin_yc": 6703.785498438,
    "destination_xc": 594.2418044550001,
    "destination_yc": 6701.634244521,
    "lower_tw": 120,
    "upper_tw": 150,
    "max_ride_time": 58.0
  },
  "P19": {
    "id": 19,
    "origin_xc": 559.521319768,
    "origin_yc": 6704.615270203,
    "destination_xc": 591.334942423,
    "destination_yc": 6705.177702589001,
    "lower_tw": 120,
    "upper_tw": 150,
    "max_ride_time": 56.0
  },
  "P20": {
    "id": 20,
    "origin_xc": 554.3981455129999,
    "origin_yc": 6704.428422671001,
    "destination_xc": 584.522583653,
    "destination_yc": 6703.367950079,
    "lower_tw": 120,
    "upper_tw": 150,
    "max_ride_time": 52.0
  },
  "P21": {
    "id": 21,
    "origin_xc": 566.9036627849999,
    "origin_yc": 6700.591870785,
    "destination_xc": 583.844468196,
    "destination_yc": 6693.583892202,
    "lower_tw": 120,
    "upper_tw": 150,
    "max_ride_time": 38.0
  },
  "P22": {
    "id": 22,
    "origin_xc": 572.0326117540001,
    "origin_yc": 6700.651822936,
    "destination_xc": 584.524583653,
    "destination_yc": 6703.369950079,
    "lower_tw": 120,
    "upper_tw": 150,
    "max_ride_time": 34.0
  },
  "P23": {
    "id": 23,
    "origin_xc": 566.9592859280001,
    "origin_yc": 6703.025563748,
    "destination_xc": 583.846468196,
    "destination_yc": 6693.585892202001,
    "lower_tw": 120,
    "upper_tw": 150,
    "max_ride_time": 48.0
  },
  "P24": {
    "id": 24,
    "origin_xc": 572.1179885250001,
    "origin_yc": 6702.148942743001,
    "destination_xc": 591.339942423,
    "destination_yc": 6705.182702589001,
    "lower_tw": 120,
    "upper_tw": 150,
    "max_ride_time": 36.0
  },
  "P25": {
    "id": 25,
    "origin_xc": 564.8790870729999,
    "origin_yc": 6700.389149683,
    "destination_xc": 584.527583653,
    "destination_yc": 6703.372950079,
    "lower_tw": 120,
    "upper_tw": 150,
    "max_ride_time": 38.0
  },
  "P26": {
    "id": 26,
    "origin_xc": 572.119988525,
    "origin_yc": 6702.150942743,
    "destination_xc": 591.341942423,
    "destination_yc": 6705.184702589,
    "lower_tw": 120,
    "upper_tw": 150,
    "max_ride_time": 36.0
  },
  "P27": {
    "id": 27,
    "origin_xc": 564.881087073,
    "origin_yc": 6700.391149683001,
    "destination_xc": 591.3429424230001,
    "destination_yc": 6705.185702589,
    "lower_tw": 120,
    "upper_tw": 150,
    "max_ride_time": 52.0
  },
  "P28": {
    "id": 28,
    "origin_xc": 554.406145513,
    "origin_yc": 6704.436422671,
    "destination_xc": 583.851468196,
    "destination_yc": 6693.590892202001,
    "lower_tw": 120,
    "upper_tw": 150,
    "max_ride_time": 60.0
  },
  "P29": {
    "id": 29,
    "origin_xc": 561.343293509,
    "origin_yc": 6703.7964984380005,
    "destination_xc": 583.852468196,
    "destination_yc": 6693.591892202001,
    "lower_tw": 120,
    "upper_tw": 150,
    "max_ride_time": 50.0
  },
  "P30": {
    "id": 30,
    "origin_xc": 554.4081455129999,
    "origin_yc": 6704.438422671,
    "destination_xc": 594.253804455,
    "destination_yc": 6701.646244521,
    "lower_tw": 120,
    "upper_tw": 150,
    "max_ride_time": 68.0
  },
  "P31": {
    "id": 31,
    "origin_xc": 566.967285928,
    "origin_yc": 6703.033563748,
    "destination_xc": 591.346942423,
    "destination_yc": 6705.189702589,
    "lower_tw": 120,
    "upper_tw": 150,
    "max_ride_time": 54.0
  },
  "P32": {
    "id": 32,
    "origin_xc": 572.0426117540001,
    "origin_yc": 6700.661822936,
    "destination_xc": 594.2558044550001,
    "destination_yc": 6701.648244521,
    "lower_tw": 120,
    "upper_tw": 150,
    "max_ride_time": 50.0
  },
  "P33": {
    "id": 33,
    "origin_xc": 553.142064462,
    "origin_yc": 6690.332096844,
    "destination_xc": 583.856468196,
    "destination_yc": 6693.595892202001,
    "lower_tw": 120,
    "upper_tw": 150,
    "max_ride_time": 88.0
  },
  "P34": {
    "id": 34,
    "origin_xc": 553.143064462,
    "origin_yc": 6690.333096844,
    "destination_xc": 591.349942423,
    "destination_yc": 6705.192702589,
    "lower_tw": 120,
    "upper_tw": 150,
    "max_ride_time": 94.0
  },
  "P35": {
    "id": 35,
    "origin_xc": 559.537319768,
    "origin_yc": 6704.631270203,
    "destination_xc": 583.858468196,
    "destination_yc": 6693.597892202,
    "lower_tw": 120,
    "upper_tw": 150,
    "max_ride_time": 50.0
  },
  "P36": {
    "id": 36,
    "origin_xc": 554.4141455129999,
    "origin_yc": 6704.444422671,
    "destination_xc": 584.5385836529999,
    "destination_yc": 6703.383950079,
    "lower_tw": 120,
    "upper_tw": 150,
    "max_ride_time": 52.0
  },
  "P37": {
    "id": 37,
    "origin_xc": 553.146064462,
    "origin_yc": 6690.336096844,
    "destination_xc": 594.2608044550001,
    "destination_yc": 6701.6532445210005,
    "lower_tw": 120,
    "upper_tw": 150,
    "max_ride_time": 96.0
  },
  "P38": {
    "id": 38,
    "origin_xc": 572.048611754,
    "origin_yc": 6700.6678229359995,
    "destination_xc": 591.353942423,
    "destination_yc": 6705.196702589,
    "lower_tw": 120,
    "upper_tw": 150,
    "max_ride_time": 48.0
  },
  "P39": {
    "id": 39,
    "origin_xc": 568.614510993,
    "origin_yc": 6700.884758781,
    "destination_xc": 594.262804455,
    "destination_yc": 6701.655244521,
    "lower_tw": 120,
    "upper_tw": 150,
    "max_ride_time": 46.0
  },
  "P40": {
    "id": 40,
    "origin_xc": 568.6155109929999,
    "origin_yc": 6700.885758781,
    "destination_xc": 584.542583653,
    "destination_yc": 6703.387950079,
    "lower_tw": 120,
    "upper_tw": 150,
    "max_ride_time": 30.0
  },
  "P41": {
    "id": 41,
    "origin_xc": 564.895087073,
    "origin_yc": 6700.405149683001,
    "destination_xc": 584.543583653,
    "destination_yc": 6703.388950079,
    "lower_tw": 120,
    "upper_tw": 150,
    "max_ride_time": 38.0
  },
  "P42": {
    "id": 42,
    "origin_xc": 572.052611754,
    "origin_yc": 6700.671822936,
    "destination_xc": 594.2658044550001,
    "destination_yc": 6701.658244521001,
    "lower_tw": 120,
    "upper_tw": 150,
    "max_ride_time": 50.0
  },
  "P43": {
    "id": 43,
    "origin_xc": 559.545319768,
    "origin_yc": 6704.639270203,
    "destination_xc": 584.545583653,
    "destination_yc": 6703.390950079,
    "lower_tw": 120,
    "upper_tw": 150,
    "max_ride_time": 42.0
  },
  "P44": {
    "id": 44,
    "origin_xc": 568.619510993,
    "origin_yc": 6700.889758781,
    "destination_xc": 583.867468196,
    "destination_yc": 6693.606892202,
    "lower_tw": 120,
    "upper_tw": 150,
    "max_ride_time": 38.0
  },
  "P45": {
    "id": 45,
    "origin_xc": 564.8990870729999,
    "origin_yc": 6700.409149683001,
    "destination_xc": 594.268804455,
    "destination_yc": 6701.661244521,
    "lower_tw": 120,
    "upper_tw": 150,
    "max_ride_time": 54.0
  },