{
  "P10": {
    "id": 10,
    "origin_xc": 553.119064462,
    "origin_yc": 6690.309096844,
    "destination_xc": 591.325942423,
    "destination_yc": 6705.1687025890005,
    "lower_tw": 120,
    "upper_tw": 150,
    "max_ride_time": 94.0
  },
  "P11": {
    "id": 11,
    "origin_xc": 572.1049885250001,
    "origin_yc": 6702.135942743001,
    "destination_xc": 583.834468196,
    "destination_yc": 6693.573892202001,
    "lower_tw": 120,
    "upper_tw": 150,
    "max_ride_time": 30.0
  },
  "P12": {
    "id": 12,
    "origin_xc": 566.8946627849999,
    "origin_yc": 6700.582870785,
    "destination_xc": 584.5145836529999,
    "destination_yc": 6703.359950079,
    "lower_tw": 120,
    "upper_tw": 150,
    "max_ride_time": 30.0
  },
  "P13": {
    "id": 13,
    "origin_xc": 566.9492859280001,
    "origin_yc": 6703.015563748,
    "destination_xc": 594.2368044550001,
    "destination_yc": 6701.629244521,
    "lower_tw": 120,
    "upper_tw": 150,
    "max_ride_time": 56.0
  },
  "P14": {
    "id": 14,
    "origin_xc": 568.589510993,
    "origin_yc": 6700.859758781,
    "destination_xc": 594.2378044550001,
    "destination_yc": 6701.630244521,
    "lower_tw": 120,
    "upper_tw": 150,
    "max_ride_time": 46.0
  },
  "P15": {
    "id": 15,
    "origin_xc": 572.025611754,
    "origin_yc": 6700.644822936,
    "destination_xc": 584.517583653,
    "destination_yc": 6703.362950079,
    "lower_tw": 120,
    "upper_tw": 150,
    "max_ride_time": 34.0
  },
  "P16": {
    "id": 16,
    "origin_xc": 554.3941455129999,
    "origin_yc": 6704.424422671,
    "destination_xc": 584.518583653,
    "destination_yc": 6703.363950079,
    "lower_tw": 120,
    "upper_tw": 150,
    "max_ride_time": 52.0
  },
  "P17": {
    "id": 17,
    "origin_xc": 554.395145513,
    "origin_yc": 6704.425422671,
    "destination_xc": 583.8404681960001,
    "destination_yc": 6693.579892202,
    "lower_tw": 120,
    "upper_tw": 150,
    "max_ride_time": 60.0
  },
  "P18": {
    "id": 18,
    "origin_xc": 553.127064462,
    "origin_yc": 6690.317096844,
    "destination_xc": 583.841468196,
    "destination_yc": 6693.5808922020005,
    "lower_tw": 120,
    "upper_tw": 150,
    "max_ride_time": 88.0
  },
  "P19": {
    "id": 19,
    "origin_xc": 566.9552859280001,
    "origin_yc": 6703.0215637480005,
    "destination_xc": 594.242804455,
    "destination_yc": 6701.6352445210005,
    "lower_tw": 120,
    "upper_tw": 150,
    "max_ride_time": 56.0
  },
  "P20": {
    "id": 20,
    "origin_xc": 568.595510993,
    "origin_yc": 6700.865758781,
    "destination_xc": 591.335942423,
    "destination_yc": 6705.178702589001,
    "lower_tw": 120,
    "upper_tw": 150,
    "max_ride_time": 44.0
  },
  "P21": {
    "id": 21,
    "origin_xc": 564.8750870729999,
    "origin_yc": 6700.385149683,
    "destination_xc": 591.336942423,
    "destination_yc": 6705.179702589,
    "lower_tw": 120,
    "upper_tw": 150,
    "max_ride_time": 52.0
  },
  "P22": {
    "id": 22,
    "origin_xc": 553.131064462,
    "origin_yc": 6690.321096844,
    "destination_xc": 591.3379424230001,
    "destination_yc": 6705.180702589,
    "lower_tw": 120,
    "upper_tw": 150,
    "max_ride_time": 94.0
  },
  "P23": {
    "id": 23,
    "origin_xc": 561.337293509,
    "origin_yc": 6703.790498438,
    "destination_xc": 594.2468044550001,
    "destination_yc": 6701.639244521,
    "lower_tw": 120,
    "upper_tw": 150,
    "max_ride_time": 58.0
  },
  "P24": {
    "id": 24,
    "origin_xc": 554.4021455129999,
    "origin_yc": 6704.4324226710005,
    "destination_xc": 594.247804455,
    "destination_yc": 6701.640244521001,
    "lower_tw": 120,
    "upper_tw": 150,
    "max_ride_time": 68.0
  },
  "P25": {
    "id": 25,
    "origin_xc": 568.600510993,
    "origin_yc": 6700.8707587809995,
    "destination_xc": 583.848468196,
    "destination_yc": 6693.587892202,
    "lower_tw": 120,
    "upper_tw": 150,
    "max_ride_time": 38.0
  },
  "P26": {
    "id": 26,
    "origin_xc": 572.119988525,
    "origin_yc": 6702.150942743,
    "destination_xc": 594.249804455,
    "destination_yc": 6701.642244521,
    "lower_tw": 120,
    "upper_tw": 150,
    "max_ride_time": 38.0
  },
  "P27": {
    "id": 27,
    "origin_xc": 564.881087073,
    "origin_yc": 6700.391149683001,
    "destination_xc": 584.529583653,
    "destination_yc": 6703.374950079,
    "lower_tw": 120,
    "upper_tw": 150,
    "max_ride_time": 38.0
  },
  "P28": {
    "id": 28,
    "origin_xc": 553.137064462,
    "origin_yc": 6690.327096844,
    "destination_xc": 584.530583653,
    "destination_yc": 6703.375950079,
    "lower_tw": 120,
    "upper_tw": 150,
    "max_ride_time": 80.0
  },
  "P29": {
    "id": 29,
    "origin_xc": 564.883087073,
    "origin_yc": 6700.393149683001,
    "destination_xc": 591.344942423,
    "destination_yc": 6705.187702589001,
    "lower_tw": 120,
    "upper_tw": 150,
    "max_ride_time": 52.0
  },
  "P30": {
    "id": 30,
    "origin_xc": 566.912662785,
    "origin_yc": 6700.600870785,
    "destination_xc": 584.532583653,
    "destination_yc": 6703.377950079,
    "lower_tw": 120,
    "upper_tw": 150,
    "max_ride_time": 30.0
  },
  "P31": {
    "id": 31,
    "origin_xc": 572.041611754,
    "origin_yc": 6700.660822936,
    "destination_xc": 583.854468196,
    "destination_yc": 6693.5938922020005,
    "lower_tw": 120,
    "upper_tw": 150,
    "max_ride_time": 42.0
  },
  "P32": {
    "id": 32,
    "origin_xc": 559.534319768,
    "origin_yc": 6704.628270203,
    "destination_xc": 594.2558044550001,
    "destination_yc": 6701.648244521,
    "lower_tw": 120,
    "upper_tw": 150,
    "max_ride_time": 58.0
  },
  "P33": {
    "id": 33,
    "origin_xc": 559.535319768,
    "origin_yc": 6704.6292702030005,
    "destination_xc": 594.2568044550001,
    "destination_yc": 6701.649244521001,
    "lower_tw": 120,
    "upper_tw": 150,
    "max_ride_time": 58.0
  },
  "P34": {
    "id": 34,
    "origin_xc": 572.044611754,
    "origin_yc": 6700.663822936,
    "destination_xc": 584.536583653,
    "destination_yc": 6703.381950079,
    "lower_tw": 120,
    "upper_tw": 150,
    "max_ride_time": 34.0
  },
  "P35": {
    "id": 35,
    "origin_xc": 566.971285928,
    "origin_yc": 6703.037563748,
    "destination_xc": 584.537583653,
    "destination_yc": 6703.382950079,
    "lower_tw": 120,
    "upper_tw": 150,
    "max_ride_time": 40.0
  },
  "P36": {
    "id": 36,
    "origin_xc": 566.972285928,
    "origin_yc": 6703.038563748,
    "destination_xc": 591.351942423,
    "destination_yc": 6705.194702589,
    "lower_tw": 120,
    "upper_tw": 150,
    "max_ride_time": 54.0
  },
  "P37": {
    "id": 37,
    "origin_xc": 566.9732859280001,
    "origin_yc": 6703.039563748001,
    "destination_xc": 591.3529424230001,
    "destination_yc": 6705.195702589001,
    "lower_tw": 120,
    "upper_tw": 150,
    "max_ride_time": 54.0
  },
  "P38": {
    "id": 38,
    "origin_xc": 561.352293509,
    "origin_yc": 6703.805498438,
    "destination_xc": 594.2618044550001,
    "destination_yc": 6701.654244521,
    "lower_tw": 120,
    "upper_tw": 150,
    "max_ride_time": 58.0
  },
  "P39": {
    "id": 39,
    "origin_xc": 572.1329885250001,
    "origin_yc": 6702.163942743,
    "destination_xc": 594.262804455,
    "destination_yc": 6701.655244521,
    "lower_tw": 120,
    "upper_tw": 150,
    "max_ride_time": 38.0
  },
  "P40": {
    "id": 40,
    "origin_xc": 554.4181455129999,
    "origin_yc": 6704.448422671,
    "destination_xc": 594.263804455,
    "destination_yc": 6701.656244521,
    "lower_tw": 120,
    "upper_tw": 150,
    "max_ride_time": 68.0
  },
  "P41": {
    "id": 41,
    "origin_xc": 559.5433197680001,
    "origin_yc": 6704.637270203,
    "destination_xc": 591.3569424230001,
    "destination_yc": 6705.1997025890005,
    "lower_tw": 120,
    "upper_tw": 150,
    "max_ride_time": 56.0
  },
  "P42": {
    "id": 42,
    "origin_xc": 559.544319768,
    "origin_yc": 6704.6382702030005,
    "destination_xc": 584.544583653,
    "destination_yc": 6703.389950079,
    "lower_tw": 120,
    "upper_tw": 150,