{
  "D0": {
    "id": 0,
    "origin_xc": 562.743133779,
    "origin_yc": 6690.07772097,
    "destination_xc": 584.502583653,
    "destination_yc": 6703.347950079,
    "lower_tw": 120,
    "upper_tw": 150,
    "max_ride_time": 45.0,
    "max_capacity": 4.0
  },
  "D1": {
    "id": 1,
    "origin_xc": 545.726501836,
    "origin_yc": 6717.617035936,
    "destination_xc": 584.503583653,
    "destination_yc": 6703.348950079,
    "lower_tw": 120,
    "upper_tw": 150,
    "max_ride_time": 55.5,
    "max_capacity": 4.0
  },
  "D2": {
    "id": 2,
    "origin_xc": 562.628117645,
    "origin_yc": 6686.513171345001,
    "destination_xc": 594.225804455,
    "destination_yc": 6701.618244521001,
    "lower_tw": 120,
    "upper_tw": 150,
    "max_ride_time": 66.0,
    "max_capacity": 4.0
  },
  "D3": {
    "id": 3,
    "origin_xc": 568.578510993,
    "origin_yc": 6700.848758781,
    "destination_xc": 583.8264681960001,
    "destination_yc": 6693.565892202,
    "lower_tw": 120,
    "upper_tw": 150,
    "max_ride_time": 28.5,
    "max_capacity": 4.0
  },
  "D4": {
    "id": 4,
    "origin_xc": 572.014611754,
    "origin_yc": 6700.633822936,
    "destination_xc": 583.827468196,
    "destination_yc": 6693.566892202,
    "lower_tw": 120,
    "upper_tw": 150,
    "max_ride_time": 31.5,
    "max_capacity": 4.0
  }
}