{
  "P7": {
    "id": 7,
    "origin_xc": 554.3851455129999,
    "origin_yc": 6704.415422671,
    "destination_xc": 594.230804455,
    "destination_yc": 6701.623244521,
    "lower_tw": 120,
    "upper_tw": 150,
    "max_ride_time": 68.0
  },
  "P8": {
    "id": 8,
    "origin_xc": 572.0186117540001,
    "origin_yc": 6700.637822936,
    "destination_xc": 584.510583653,
    "destination_yc": 6703.355950079,
    "lower_tw": 120,
    "upper_tw": 150,
    "max_ride_time": 34.0
  },
  "P9": {
    "id": 9,
    "origin_xc": 568.584510993,
    "origin_yc": 6700.854758781,
    "destination_xc": 583.832468196,
    "destination_yc": 6693.5718922020005,
    "lower_tw": 120,
    "upper_tw": 150,
    "max_ride_time": 38.0
  },
  "P10": {
    "id": 10,
    "origin_xc": 572.1039885250001,
    "origin_yc": 6702.1349427430005,
    "destination_xc": 583.833468196,
    "destination_yc": 6693.572892202001,
    "lower_tw": 120,
    "upper_tw": 150,
    "max_ride_time": 30.0
  },
  "P11": {
    "id": 11,
    "origin_xc": 554.3891455129999,
    "origin_yc": 6704.419422671001,
    "destination_xc": 591.326942423,
    "destination_yc": 6705.169702589001,
    "lower_tw": 120,
    "upper_tw": 150,
    "max_ride_time": 66.0
  },
  "P12": {
    "id": 12,
    "origin_xc": 566.948285928,
    "origin_yc": 6703.014563748,
    "destination_xc": 584.5145836529999,
    "destination_yc": 6703.359950079,
    "lower_tw": 120,
    "upper_tw": 150,
    "max_ride_time": 40.0
  },
  "P13": {
    "id": 13,
    "origin_xc": 554.391145513,
    "origin_yc": 6704.421422671,
    "destination_xc": 584.515583653,
    "destination_yc": 6703.360950079,
    "lower_tw": 120,
    "upper_tw": 150,
    "max_ride_time": 52.0
  },
  "P14": {
    "id": 14,
    "origin_xc": 568.589510993,
    "origin_yc": 6700.859758781,
    "destination_xc": 591.329942423,
    "destination_yc": 6705.172702589,
    "lower_tw": 120,
    "upper_tw": 150,
    "max_ride_time": 44.0
  },
  "P15": {
    "id": 15,
    "origin_xc": 566.9512859280001,
    "origin_yc": 6703.017563748001,
    "destination_xc": 584.517583653,
    "destination_yc": 6703.362950079,
    "lower_tw": 120,
    "upper_tw": 150,
    "max_ride_time": 40.0
  },
  "P16": {
    "id": 16,
    "origin_xc": 572.026611754,
    "origin_yc": 6700.645822936,
    "destination_xc": 591.331942423,
    "destination_yc": 6705.174702589,
    "lower_tw": 120,
    "upper_tw": 150,
    "max_ride_time": 48.0
  },
  "P17": {
    "id": 17,
    "origin_xc": 566.899662785,
    "origin_yc": 6700.587870785,
    "destination_xc": 583.8404681960001,
    "destination_yc": 6693.579892202,
    "lower_tw": 120,
    "upper_tw": 150,
    "max_ride_time": 38.0
  },
  "P18": {
    "id": 18,
    "origin_xc": 568.593510993,
    "origin_yc": 6700.863758781,
    "destination_xc": 591.333942423,
    "destination_yc": 6705.176702589,
    "lower_tw": 120,
    "upper_tw": 150,
    "max_ride_time": 44.0
  },
  "P19": {
    "id": 19,
    "origin_xc": 559.521319768,
    "origin_yc": 6704.615270203,
    "destination_xc": 594.242804455,
    "destination_yc": 6701.6352445210005,
    "lower_tw": 120,
    "upper_tw": 150,
    "max_ride_time": 58.0
  },
  "P20": {
    "id": 20,
    "origin_xc": 572.030611754,
    "origin_yc": 6700.649822936,
    "destination_xc": 594.243804455,
    "destination_yc": 6701.636244521001,
    "lower_tw": 120,
    "upper_tw": 150,
    "max_ride_time": 50.0
  },
  "P21": {
    "id": 21,
    "origin_xc": 561.3352935089999,
    "origin_yc": 6703.788498438,
    "destination_xc": 584.523583653,
    "destination_yc": 6703.368950079,
    "lower_tw": 120,
    "upper_tw": 150,
    "max_ride_time": 42.0
  },
  "P22": {
    "id": 22,
    "origin_xc": 561.336293509,
    "origin_yc": 6703.789498438,
    "destination_xc": 583.8454681960001,
    "destination_yc": 6693.584892202,
    "lower_tw": 120,
    "upper_tw": 150,
    "max_ride_time": 50.0
  },
  "P23": {
    "id": 23,
    "origin_xc": 559.525319768,
    "origin_yc": 6704.619270203,
    "destination_xc": 594.2468044550001,
    "destination_yc": 6701.639244521,
    "lower_tw": 120,
    "upper_tw": 150,
    "max_ride_time": 58.0
  },
  "P24": {
    "id": 24,
    "origin_xc": 564.878087073,
    "origin_yc": 6700.388149683001,
    "destination_xc": 584.526583653,
    "destination_yc": 6703.371950079,
    "lower_tw": 120,
    "upper_tw": 150,
    "max_ride_time": 38.0
  },
  "P25": {
    "id": 25,
    "origin_xc": 561.339293509,
    "origin_yc": 6703.792498438,
    "destination_xc": 591.340942423,
    "destination_yc": 6705.183702589,
    "lower_tw": 120,
    "upper_tw": 150,
    "max_ride_time": 54.0
  }
}