{
  "P3": {
    "id": 3,
    "origin_xc": 568.578510993,
    "origin_yc": 6700.848758781,
    "destination_xc": 594.2268044550001,
    "destination_yc": 6701.619244521,
    "lower_tw": 120,
    "upper_tw": 150,
    "max_ride_time": 46.0
  },
  "P4": {
    "id": 4,
    "origin_xc": 564.858087073,
    "origin_yc": 6700.368149683,
    "destination_xc": 591.319942423,
    "destination_yc": 6705.162702589,
    "lower_tw": 120,
    "upper_tw": 150,
    "max_ride_time": 52.0
  },
  "P5": {
    "id": 5,
<<<<<<< HEAD
<<<<<<< HEAD
    "origin_xc": 572.015611754,
    "origin_yc": 6700.634822936,
    "destination_xc": 583.828468196,
    "destination_yc": 6693.567892202001,
    "lower_tw": 120,
    "upper_tw": 150,
    "max_ride_time": 42.0
  },
  "P6": {
    "id": 6,
    "origin_xc": 564.8600870729999,
    "origin_yc": 6700.370149683001,
    "destination_xc": 594.229804455,
    "destination_yc": 6701.6222445210005,
    "lower_tw": 120,
    "upper_tw": 150,
    "max_ride_time": 54.0
  },
  "P7": {
    "id": 7,
    "origin_xc": 561.3212935089999,
    "origin_yc": 6703.774498438,
    "destination_xc": 584.5095836529999,
    "destination_yc": 6703.3549500789995,
    "lower_tw": 120,
    "upper_tw": 150,
    "max_ride_time": 42.0
  },
  "P8": {
    "id": 8,
    "origin_xc": 566.890662785,
    "origin_yc": 6700.578870785,
    "destination_xc": 583.8314681960001,
    "destination_yc": 6693.570892202,
    "lower_tw": 120,
    "upper_tw": 150,
    "max_ride_time": 38.0
=======
    "origin_xc": 554.3831455129999,
    "origin_yc": 6704.413422671,
    "destination_xc": 591.320942423,
    "destination_yc": 6705.163702589,
=======
    "origin_xc": 572.015611754,
    "origin_yc": 6700.634822936,
    "destination_xc": 584.507583653,
    "destination_yc": 6703.352950079,
>>>>>>> 9dd04a31802934f96e6f98d2163d61c7fa530b19
    "lower_tw": 120,
    "upper_tw": 150,
    "max_ride_time": 34.0
  },
  "P6": {
    "id": 6,
    "origin_xc": 545.731501836,
    "origin_yc": 6717.622035936,
    "destination_xc": 591.321942423,
    "destination_yc": 6705.164702589001,
    "lower_tw": 120,
    "upper_tw": 150,
    "max_ride_time": 88.0
  },
  "P7": {
    "id": 7,
    "origin_xc": 570.2069702649999,
    "origin_yc": 6682.11785401,
    "destination_xc": 591.322942423,
    "destination_yc": 6705.165702589,
    "lower_tw": 120,
    "upper_tw": 150,
    "max_ride_time": 48.0
  },
  "P8": {
    "id": 8,
    "origin_xc": 568.942441886,
    "origin_yc": 6704.435296241,
    "destination_xc": 594.2318044550001,
    "destination_yc": 6701.624244521,
    "lower_tw": 120,
    "upper_tw": 150,
<<<<<<< HEAD
    "max_ride_time": 86.0
>>>>>>> e070693a1522509c6d5059a99ae3baa414e06c92
=======
    "max_ride_time": 58.0
>>>>>>> 9dd04a31802934f96e6f98d2163d61c7fa530b19
  },
  "P9": {
    "id": 9,
    "origin_xc": 554.387145513,
    "origin_yc": 6704.417422671,
    "destination_xc": 584.511583653,
    "destination_yc": 6703.356950079,
    "lower_tw": 120,
    "upper_tw": 150,
    "max_ride_time": 52.0
  },
  "P10": {
    "id": 10,
<<<<<<< HEAD
<<<<<<< HEAD
    "origin_xc": 572.1039885250001,
    "origin_yc": 6702.1349427430005,
    "destination_xc": 594.233804455,
    "destination_yc": 6701.626244521,
=======
    "origin_xc": 559.512319768,
    "origin_yc": 6704.606270203,
    "destination_xc": 583.833468196,
    "destination_yc": 6693.572892202001,
=======
    "origin_xc": 566.9462859280001,
    "origin_yc": 6703.0125637480005,
    "destination_xc": 584.512583653,
    "destination_yc": 6703.357950079,
>>>>>>> 9dd04a31802934f96e6f98d2163d61c7fa530b19
    "lower_tw": 120,
    "upper_tw": 150,
    "max_ride_time": 40.0
  },
  "P11": {
    "id": 11,
    "origin_xc": 562.754133779,
    "origin_yc": 6690.08872097,
    "destination_xc": 594.234804455,
    "destination_yc": 6701.627244521001,
    "lower_tw": 120,
    "upper_tw": 150,
    "max_ride_time": 16.0
  },
  "P12": {
    "id": 12,
    "origin_xc": 570.6741506879999,
    "origin_yc": 6698.582605428,
    "destination_xc": 583.835468196,
    "destination_yc": 6693.574892202,
>>>>>>> e070693a1522509c6d5059a99ae3baa414e06c92
    "lower_tw": 120,
    "upper_tw": 150,
    "max_ride_time": 48.0
  },
<<<<<<< HEAD
  "P11": {
    "id": 11,
    "origin_xc": 572.1049885250001,
    "origin_yc": 6702.135942743001,
    "destination_xc": 583.834468196,
    "destination_yc": 6693.573892202001,
    "lower_tw": 120,
    "upper_tw": 150,
    "max_ride_time": 30.0
=======
  "P13": {
    "id": 13,
    "origin_xc": 570.212970265,
    "origin_yc": 6682.12385401,
    "destination_xc": 584.515583653,
    "destination_yc": 6703.360950079,
    "lower_tw": 120,
    "upper_tw": 150,
    "max_ride_time": 34.0
  },
  "P14": {
    "id": 14,
    "origin_xc": 531.9008452070001,
    "origin_yc": 6734.661212441,
    "destination_xc": 583.837468196,
    "destination_yc": 6693.576892202001,
    "lower_tw": 120,
    "upper_tw": 150,
<<<<<<< HEAD
    "max_ride_time": 42.0
>>>>>>> e070693a1522509c6d5059a99ae3baa414e06c92
=======
    "max_ride_time": 130.0
>>>>>>> 9dd04a31802934f96e6f98d2163d61c7fa530b19
  }
}