{
  "P17": {
    "id": 17,
    "origin_xc": 561.331293509,
    "origin_yc": 6703.784498438,
    "destination_xc": 594.2408044550001,
    "destination_yc": 6701.633244521,
    "lower_tw": 120,
    "upper_tw": 150,
    "max_ride_time": 58.0
  },
  "P18": {
    "id": 18,
    "origin_xc": 568.593510993,
    "origin_yc": 6700.863758781,
    "destination_xc": 591.333942423,
    "destination_yc": 6705.176702589,
    "lower_tw": 120,
    "upper_tw": 150,
    "max_ride_time": 44.0
  },
  "P19": {
    "id": 19,
    "origin_xc": 559.521319768,
    "origin_yc": 6704.615270203,
    "destination_xc": 594.242804455,
    "destination_yc": 6701.6352445210005,
    "lower_tw": 120,
    "upper_tw": 150,
    "max_ride_time": 58.0
  },
  "P20": {
    "id": 20,
    "origin_xc": 561.334293509,
    "origin_yc": 6703.7874984380005,
    "destination_xc": 591.335942423,
    "destination_yc": 6705.178702589001,
    "lower_tw": 120,
    "upper_tw": 150,
    "max_ride_time": 54.0
  },
  "P21": {
    "id": 21,
    "origin_xc": 553.130064462,
    "origin_yc": 6690.320096844,
    "destination_xc": 584.523583653,
    "destination_yc": 6703.368950079,
    "lower_tw": 120,
    "upper_tw": 150,
    "max_ride_time": 80.0
  },
  "P22": {
    "id": 22,
    "origin_xc": 568.597510993,
    "origin_yc": 6700.867758781,
    "destination_xc": 583.8454681960001,
    "destination_yc": 6693.584892202,
    "lower_tw": 120,
    "upper_tw": 150,
    "max_ride_time": 38.0
  },
  "P23": {
    "id": 23,
    "origin_xc": 564.877087073,
    "origin_yc": 6700.387149683001,
    "destination_xc": 591.338942423,
    "destination_yc": 6705.181702589,
    "lower_tw": 120,
    "upper_tw": 150,
    "max_ride_time": 52.0
  },
  "P24": {
    "id": 24,
    "origin_xc": 561.338293509,
    "origin_yc": 6703.791498438,
    "destination_xc": 584.526583653,
    "destination_yc": 6703.371950079,
    "lower_tw": 120,
    "upper_tw": 150,
    "max_ride_time": 42.0
  },
  "P25": {
    "id": 25,
    "origin_xc": 554.4031455129999,
    "origin_yc": 6704.433422671,
    "destination_xc": 583.848468196,
    "destination_yc": 6693.587892202,
    "lower_tw": 120,
    "upper_tw": 150,
    "max_ride_time": 60.0
  },
  "P26": {
    "id": 26,
    "origin_xc": 559.528319768,
    "origin_yc": 6704.622270203,
    "destination_xc": 594.249804455,
    "destination_yc": 6701.642244521,
    "lower_tw": 120,
    "upper_tw": 150,
    "max_ride_time": 58.0
  },
  "P27": {
    "id": 27,
    "origin_xc": 572.1209885250001,
    "origin_yc": 6702.151942743,
    "destination_xc": 583.8504681960001,
    "destination_yc": 6693.589892202001,
    "lower_tw": 120,
    "upper_tw": 150,
    "max_ride_time": 30.0
  },
  "P28": {
    "id": 28,
    "origin_xc": 564.882087073,
    "origin_yc": 6700.392149683001,
    "destination_xc": 591.343942423,
    "destination_yc": 6705.186702589001,
    "lower_tw": 120,
    "upper_tw": 150,
    "max_ride_time": 52.0
  },
  "P29": {
    "id": 29,
    "origin_xc": 554.4071455129999,
    "origin_yc": 6704.437422671001,
    "destination_xc": 591.344942423,
    "destination_yc": 6705.187702589001,
    "lower_tw": 120,
    "upper_tw": 150,
    "max_ride_time": 66.0
  },
  "P30": {
    "id": 30,
    "origin_xc": 554.4081455129999,
    "origin_yc": 6704.438422671,
    "destination_xc": 594.253804455,
    "destination_yc": 6701.646244521,
    "lower_tw": 120,
    "upper_tw": 150,
    "max_ride_time": 68.0
  },
  "P31": {
    "id": 31,
    "origin_xc": 564.8850870729999,
    "origin_yc": 6700.395149683,
    "destination_xc": 583.854468196,
    "destination_yc": 6693.5938922020005,
    "lower_tw": 120,
    "upper_tw": 150,
    "max_ride_time": 46.0
  },
  "P32": {
    "id": 32,
    "origin_xc": 572.1259885250001,
    "origin_yc": 6702.156942743,
    "destination_xc": 584.534583653,
    "destination_yc": 6703.379950079,
    "lower_tw": 120,
    "upper_tw": 150,
    "max_ride_time": 22.0
  },
  "P33": {
    "id": 33,
    "origin_xc": 566.915662785,
    "origin_yc": 6700.603870785,
    "destination_xc": 584.535583653,
    "destination_yc": 6703.380950079,
    "lower_tw": 120,
    "upper_tw": 150,
    "max_ride_time": 30.0
  },
  "P34": {
    "id": 34,
    "origin_xc": 566.916662785,
    "origin_yc": 6700.604870785,
    "destination_xc": 584.536583653,
    "destination_yc": 6703.381950079,
    "lower_tw": 120,
    "upper_tw": 150,
    "max_ride_time": 30.0
  },
  "P35": {
    "id": 35,
    "origin_xc": 566.917662785,
    "origin_yc": 6700.605870785,
    "destination_xc": 591.350942423,
    "destination_yc": 6705.193702589,
    "lower_tw": 120,
    "upper_tw": 150,
    "max_ride_time": 44.0
  },
  "P36": {
    "id": 36,
    "origin_xc": 572.046611754,
    "origin_yc": 6700.665822936,
    "destination_xc": 584.5385836529999,
    "destination_yc": 6703.383950079,
    "lower_tw": 120,
    "upper_tw": 150,
    "max_ride_time": 34.0
  },
  "P37": {
    "id": 37,
    "origin_xc": 566.9732859280001,
    "origin_yc": 6703.039563748001,
    "destination_xc": 584.539583653,
    "destination_yc": 6703.384950079,
    "lower_tw": 120,
    "upper_tw": 150,
    "max_ride_time": 40.0
  },
  "P38": {
    "id": 38,
    "origin_xc": 561.352293509,
    "origin_yc": 6703.805498438,
    "destination_xc": 584.540583653,
    "destination_yc": 6703.3859500789995,
    "lower_tw": 120,
    "upper_tw": 150,
    "max_ride_time": 42.0
  },
  "P39": {
    "id": 39,
    "origin_xc": 566.9752859280001,
    "origin_yc": 6703.041563748,
    "destination_xc": 591.354942423,
    "destination_yc": 6705.197702589,
    "lower_tw": 120,
    "upper_tw": 150,
    "max_ride_time": 54.0
  },
  "P40": {
    "id": 40,
    "origin_xc": 568.6155109929999,
    "origin_yc": 6700.885758781,
    "destination_xc": 583.863468196,
    "destination_yc": 6693.6028922020005,
    "lower_tw": 120,
    "upper_tw": 150,
    "max_ride_time": 38.0
  },
  "P41": {
    "id": 41,
    "origin_xc": 566.9772859280001,
    "origin_yc": 6703.043563748,
    "destination_xc": 583.8644681960001,
    "destination_yc": 6693.603892202001,
    "lower_tw": 120,
    "upper_tw": 150,
    "max_ride_time": 48.0
  },
  "P42": {
    "id": 42,
    "origin_xc": 559.544319768,
    "origin_yc": 6704.6382702030005,
    "destination_xc": 594.2658044550001,
    "destination_yc": 6701.658244521001,
    "lower_tw": 120,
    "upper_tw": 150,
    "max_ride_time": 58.0
  },
  "P43": {
    "id": 43,
    "origin_xc": 566.9792859280001,
    "origin_yc": 6703.045563748,
    "destination_xc": 584.545583653,
    "destination_yc": 6703.390950079,
    "lower_tw": 120,
    "upper_tw": 150,
    "max_ride_time": 40.0
  },
  "P44": {
    "id": 44,
    "origin_xc": 564.8980870729999,
    "origin_yc": 6700.408149683,
    "destination_xc": 583.867468196,
    "destination_yc": 6693.606892202,
    "lower_tw": 120,
    "upper_tw": 150,
    "max_ride_time": 46.0
  },
  "P45": {
    "id": 45,
    "origin_xc": 568.6205109929999,
    "origin_yc": 6700.890758781,
    "destination_xc": 583.868468196,
    "destination_yc": 6693.607892202001,
    "lower_tw": 120,
    "upper_tw": 150,
    "max_ride_time": 38.0
  },
  "P46": {
    "id": 46,
    "origin_xc": 559.548319768,
    "origin_yc": 6704.642270203,
    "destination_xc": 594.2698044550001,
    "destination_yc": 6701.6622445210005,
    "lower_tw": 120,
    "upper_tw": 150,
    "max_ride_time": 58.0
  },
  "P47": {
    "id": 47,
    "origin_xc": 554.425145513,
    "origin_yc": 6704.455422671,
    "destination_xc": 583.870468196,
    "destination_yc": 6693.609892202,
    "lower_tw": 120,
    "upper_tw": 150,
    "max_ride_time": 60.0
  },
  "P48": {
    "id": 48,
    "origin_xc": 553.157064462,
    "origin_yc": 6690.347096844,
    "destination_xc": 583.871468196,
    "destination_yc": 6693.610892202,
    "lower_tw": 120,
    "upper_tw": 150,
    "max_ride_time": 88.0
  },
  "P49": {
    "id": 49,
    "origin_xc": 566.931662785,
    "origin_yc": 6700.619870785,
    "destination_xc": 591.364942423,
    "destination_yc": 6705.207702589,
    "lower_tw": 120,
    "upper_tw": 150,
    "max_ride_time": 44.0
  },