{
  "P10": {
    "id": 10,
    "origin_xc": 566.892662785,
    "origin_yc": 6700.580870785,
    "destination_xc": 591.325942423,
    "destination_yc": 6705.1687025890005,
    "lower_tw": 120,
    "upper_tw": 150,
    "max_ride_time": 44.0
  },
  "P11": {
    "id": 11,
    "origin_xc": 566.947285928,
    "origin_yc": 6703.013563748001,
    "destination_xc": 583.834468196,
    "destination_yc": 6693.573892202001,
    "lower_tw": 120,
    "upper_tw": 150,
    "max_ride_time": 48.0
  },
  "P12": {
    "id": 12,
    "origin_xc": 568.5875109929999,
    "origin_yc": 6700.857758781,
    "destination_xc": 584.5145836529999,
    "destination_yc": 6703.359950079,
    "lower_tw": 120,
    "upper_tw": 150,
    "max_ride_time": 30.0
  },
  "P13": {
    "id": 13,
    "origin_xc": 561.327293509,
    "origin_yc": 6703.780498438,
    "destination_xc": 583.836468196,
    "destination_yc": 6693.575892202,
    "lower_tw": 120,
    "upper_tw": 150,
    "max_ride_time": 50.0
  },
  "P14": {
    "id": 14,
    "origin_xc": 554.392145513,
    "origin_yc": 6704.422422671,
    "destination_xc": 584.516583653,
    "destination_yc": 6703.361950079,
    "lower_tw": 120,
    "upper_tw": 150,
    "max_ride_time": 52.0
  },
  "P15": {
    "id": 15,
    "origin_xc": 559.517319768,
    "origin_yc": 6704.6112702030005,
    "destination_xc": 584.517583653,
    "destination_yc": 6703.362950079,
    "lower_tw": 120,
    "upper_tw": 150,
    "max_ride_time": 42.0
  },
  "P16": {
    "id": 16,
    "origin_xc": 566.8986627849999,
    "origin_yc": 6700.5868707849995,
    "destination_xc": 584.518583653,
    "destination_yc": 6703.363950079,
    "lower_tw": 120,
    "upper_tw": 150,
    "max_ride_time": 30.0
  },
  "P17": {
    "id": 17,
    "origin_xc": 572.0276117540001,
    "origin_yc": 6700.646822936,
    "destination_xc": 591.3329424230001,
    "destination_yc": 6705.175702589,
    "lower_tw": 120,
    "upper_tw": 150,
    "max_ride_time": 48.0
  },
  "P18": {
    "id": 18,
    "origin_xc": 559.520319768,
    "origin_yc": 6704.614270203,
    "destination_xc": 584.520583653,
    "destination_yc": 6703.365950079,
    "lower_tw": 120,
    "upper_tw": 150,
    "max_ride_time": 42.0
  },
  "P19": {
    "id": 19,
    "origin_xc": 566.9552859280001,
    "origin_yc": 6703.0215637480005,
    "destination_xc": 584.521583653,
    "destination_yc": 6703.366950079,
    "lower_tw": 120,
    "upper_tw": 150,
    "max_ride_time": 40.0
  },
  "P20": {
    "id": 20,
    "origin_xc": 572.030611754,
    "origin_yc": 6700.649822936,
    "destination_xc": 591.335942423,
    "destination_yc": 6705.178702589001,
    "lower_tw": 120,
    "upper_tw": 150,
    "max_ride_time": 48.0
  },
  "P21": {
    "id": 21,
    "origin_xc": 554.3991455129999,
    "origin_yc": 6704.429422671,
    "destination_xc": 594.244804455,
    "destination_yc": 6701.637244521,
    "lower_tw": 120,
    "upper_tw": 150,
    "max_ride_time": 68.0
  },
  "P22": {
    "id": 22,
    "origin_xc": 553.131064462,
    "origin_yc": 6690.321096844,
    "destination_xc": 583.8454681960001,
    "destination_yc": 6693.584892202,
    "lower_tw": 120,
    "upper_tw": 150,
    "max_ride_time": 88.0
  },
  "P23": {
    "id": 23,
    "origin_xc": 554.401145513,
    "origin_yc": 6704.431422671,
    "destination_xc": 594.2468044550001,
    "destination_yc": 6701.639244521,
    "lower_tw": 120,
    "upper_tw": 150,
    "max_ride_time": 68.0
  },
  "P24": {
    "id": 24,
    "origin_xc": 572.1179885250001,
    "origin_yc": 6702.148942743001,
    "destination_xc": 584.526583653,
    "destination_yc": 6703.371950079,
    "lower_tw": 120,
    "upper_tw": 150,
    "max_ride_time": 22.0
  },
  "P25": {
    "id": 25,
    "origin_xc": 572.035611754,
    "origin_yc": 6700.654822936,
    "destination_xc": 591.340942423,
    "destination_yc": 6705.183702589,
    "lower_tw": 120,
    "upper_tw": 150,
    "max_ride_time": 48.0
  },
  "P26": {
    "id": 26,
    "origin_xc": 553.135064462,
    "origin_yc": 6690.325096844,
    "destination_xc": 583.849468196,
    "destination_yc": 6693.588892202,
    "lower_tw": 120,
    "upper_tw": 150,
    "max_ride_time": 88.0
  },
  "P27": {
    "id": 27,
    "origin_xc": 572.1209885250001,
    "origin_yc": 6702.151942743,
    "destination_xc": 584.529583653,
    "destination_yc": 6703.374950079,
    "lower_tw": 120,
    "upper_tw": 150,
    "max_ride_time": 22.0
  },
  "P28": {
    "id": 28,
    "origin_xc": 572.1219885250001,
    "origin_yc": 6702.1529427430005,
    "destination_xc": 583.851468196,
    "destination_yc": 6693.590892202001,
    "lower_tw": 120,
    "upper_tw": 150,
    "max_ride_time": 30.0
  },
  "P29": {
    "id": 29,
    "origin_xc": 566.9652859280001,
    "origin_yc": 6703.031563748001,
    "destination_xc": 591.344942423,
    "destination_yc": 6705.187702589001,
    "lower_tw": 120,
    "upper_tw": 150,
    "max_ride_time": 54.0
  },
  "P30": {
    "id": 30,
    "origin_xc": 566.912662785,
    "origin_yc": 6700.600870785,
    "destination_xc": 584.532583653,
    "destination_yc": 6703.377950079,
    "lower_tw": 120,
    "upper_tw": 150,
    "max_ride_time": 30.0
  },
  "P31": {
    "id": 31,
    "origin_xc": 559.533319768,
    "origin_yc": 6704.627270203,
    "destination_xc": 594.254804455,
    "destination_yc": 6701.647244521,
    "lower_tw": 120,
    "upper_tw": 150,
    "max_ride_time": 58.0
  },
  "P32": {
    "id": 32,
    "origin_xc": 572.1259885250001,
    "origin_yc": 6702.156942743,
    "destination_xc": 594.2558044550001,
    "destination_yc": 6701.648244521,
    "lower_tw": 120,
    "upper_tw": 150,
    "max_ride_time": 38.0
  },
  "P33": {
    "id": 33,
    "origin_xc": 566.915662785,
    "origin_yc": 6700.603870785,
    "destination_xc": 591.348942423,
    "destination_yc": 6705.191702589001,
    "lower_tw": 120,
    "upper_tw": 150,
    "max_ride_time": 44.0
  },
  "P34": {
    "id": 34,
    "origin_xc": 566.916662785,
    "origin_yc": 6700.604870785,
    "destination_xc": 594.257804455,
    "destination_yc": 6701.650244521,
    "lower_tw": 120,
    "upper_tw": 150,
    "max_ride_time": 46.0
  },
  "P35": {
    "id": 35,
    "origin_xc": 553.144064462,
    "origin_yc": 6690.334096844,
    "destination_xc": 583.858468196,
    "destination_yc": 6693.597892202,
    "lower_tw": 120,
    "upper_tw": 150,
    "max_ride_time": 88.0
  },
  "P36": {
    "id": 36,
    "origin_xc": 561.3502935089999,
    "origin_yc": 6703.803498438,
    "destination_xc": 583.859468196,
    "destination_yc": 6693.598892202001,
    "lower_tw": 120,
    "upper_tw": 150,
    "max_ride_time": 50.0
  },
  "P37": {
    "id": 37,
    "origin_xc": 572.1309885250001,
    "origin_yc": 6702.1619427430005,
    "destination_xc": 583.860468196,
    "destination_yc": 6693.599892202001,
    "lower_tw": 120,
    "upper_tw": 150,
    "max_ride_time": 30.0
  },
  "P38": {
    "id": 38,
    "origin_xc": 564.892087073,
    "origin_yc": 6700.402149683,
    "destination_xc": 584.540583653,
    "destination_yc": 6703.3859500789995,
    "lower_tw": 120,
    "upper_tw": 150,
    "max_ride_time": 38.0
  },
  "P39": {
    "id": 39,
    "origin_xc": 564.893087073,
    "origin_yc": 6700.403149683,
    "destination_xc": 583.862468196,
    "destination_yc": 6693.601892202,
    "lower_tw": 120,
    "upper_tw": 150,
    "max_ride_time": 46.0
  },
  "P40": {
    "id": 40,
    "origin_xc": 553.149064462,
    "origin_yc": 6690.339096844,
    "destination_xc": 594.263804455,
    "destination_yc": 6701.656244521,
    "lower_tw": 120,
    "upper_tw": 150,
    "max_ride_time": 96.0
  },
  "P41": {
    "id": 41,
    "origin_xc": 572.1349885250002,
    "origin_yc": 6702.165942743,
    "destination_xc": 584.543583653,
    "destination_yc": 6703.388950079,
    "lower_tw": 120,
    "upper_tw": 150,
    "max_ride_time": 22.0
  },
  "P42": {
    "id": 42,
    "origin_xc": 568.617510993,
    "origin_yc": 6700.887758781,
    "destination_xc": 594.2658044550001,
    "destination_yc": 6701.658244521001,
    "lower_tw": 120,
    "upper_tw": 150,
    "max_ride_time": 46.0
  },