{
  "D0": {
    "id": 0,
    "origin_xc": 554.3781455129999,
    "origin_yc": 6704.408422671,
    "destination_xc": 594.223804455,
    "destination_yc": 6701.616244521,
    "lower_tw": 120,
    "upper_tw": 150,
    "max_ride_time": 51.0,
    "max_capacity": 4.0
  },
  "D1": {
    "id": 1,
    "origin_xc": 566.937285928,
    "origin_yc": 6703.0035637480005,
    "destination_xc": 584.503583653,
    "destination_yc": 6703.348950079,
    "lower_tw": 120,
    "upper_tw": 150,
    "max_ride_time": 30.0,
    "max_capacity": 4.0
  }
}