{
  "P7": {
    "id": 7,
    "origin_xc": 572.100988525,
    "origin_yc": 6702.131942743,
    "destination_xc": 591.322942423,
    "destination_yc": 6705.165702589,
    "lower_tw": 120,
    "upper_tw": 150,
    "max_ride_time": 36.0
  },
  "P8": {
    "id": 8,
    "origin_xc": 566.890662785,
    "origin_yc": 6700.578870785,
    "destination_xc": 584.510583653,
    "destination_yc": 6703.355950079,
    "lower_tw": 120,
    "upper_tw": 150,
    "max_ride_time": 30.0
  },
  "P9": {
    "id": 9,
    "origin_xc": 561.323293509,
    "origin_yc": 6703.776498438,
    "destination_xc": 583.832468196,
    "destination_yc": 6693.5718922020005,
    "lower_tw": 120,
    "upper_tw": 150,
    "max_ride_time": 50.0
  },
  "P10": {
    "id": 10,
    "origin_xc": 572.1039885250001,
    "origin_yc": 6702.1349427430005,
    "destination_xc": 591.325942423,
    "destination_yc": 6705.1687025890005,
    "lower_tw": 120,
    "upper_tw": 150,
    "max_ride_time": 36.0
  },
  "P11": {
    "id": 11,
    "origin_xc": 566.893662785,
    "origin_yc": 6700.581870785,
    "destination_xc": 584.513583653,
    "destination_yc": 6703.358950079,
    "lower_tw": 120,
    "upper_tw": 150,
    "max_ride_time": 30.0
  },
  "P12": {
    "id": 12,
    "origin_xc": 568.5875109929999,
    "origin_yc": 6700.857758781,
    "destination_xc": 591.327942423,
    "destination_yc": 6705.170702589,
    "lower_tw": 120,
    "upper_tw": 150,
    "max_ride_time": 44.0
  },
  "P13": {
    "id": 13,
    "origin_xc": 564.867087073,
    "origin_yc": 6700.377149683,
    "destination_xc": 583.836468196,
    "destination_yc": 6693.575892202,
    "lower_tw": 120,
    "upper_tw": 150,
    "max_ride_time": 46.0
  },
  "P14": {
    "id": 14,
    "origin_xc": 561.328293509,
    "origin_yc": 6703.781498438,
    "destination_xc": 591.329942423,
    "destination_yc": 6705.172702589,
    "lower_tw": 120,
    "upper_tw": 150,
    "max_ride_time": 54.0
  },
  "P15": {
    "id": 15,
    "origin_xc": 572.1089885250001,
    "origin_yc": 6702.139942743001,
    "destination_xc": 584.517583653,
    "destination_yc": 6703.362950079,
    "lower_tw": 120,
    "upper_tw": 150,
    "max_ride_time": 22.0
  },
  "P16": {
    "id": 16,
    "origin_xc": 561.330293509,
    "origin_yc": 6703.783498438,
    "destination_xc": 583.839468196,
    "destination_yc": 6693.578892202,
    "lower_tw": 120,
    "upper_tw": 150,
    "max_ride_time": 50.0
  },
  "P17": {
    "id": 17,
    "origin_xc": 566.9532859280001,
    "origin_yc": 6703.019563748,
    "destination_xc": 584.519583653,
    "destination_yc": 6703.364950079,
    "lower_tw": 120,
    "upper_tw": 150,
    "max_ride_time": 40.0
  },
  "P18": {
    "id": 18,
    "origin_xc": 572.028611754,
    "origin_yc": 6700.647822936,
    "destination_xc": 594.2418044550001,
    "destination_yc": 6701.634244521,
    "lower_tw": 120,
    "upper_tw": 150,
    "max_ride_time": 50.0
  },
  "P19": {
    "id": 19,
    "origin_xc": 572.029611754,
    "origin_yc": 6700.648822936,
    "destination_xc": 594.242804455,
    "destination_yc": 6701.6352445210005,
    "lower_tw": 120,
    "upper_tw": 150,
    "max_ride_time": 50.0
  },
  "P20": {
    "id": 20,
    "origin_xc": 554.3981455129999,
    "origin_yc": 6704.428422671001,
    "destination_xc": 591.335942423,
    "destination_yc": 6705.178702589001,
    "lower_tw": 120,
    "upper_tw": 150,
    "max_ride_time": 66.0
  },
  "P21": {
    "id": 21,
    "origin_xc": 566.9036627849999,
    "origin_yc": 6700.591870785,
    "destination_xc": 591.336942423,
    "destination_yc": 6705.179702589,
    "lower_tw": 120,
    "upper_tw": 150,
    "max_ride_time": 44.0
  },
  "P22": {
    "id": 22,
    "origin_xc": 566.9582859280001,
    "origin_yc": 6703.024563748,
    "destination_xc": 584.524583653,
    "destination_yc": 6703.369950079,
    "lower_tw": 120,
    "upper_tw": 150,
    "max_ride_time": 40.0
  },
  "P23": {
    "id": 23,
    "origin_xc": 566.905662785,
    "origin_yc": 6700.593870785,
    "destination_xc": 591.338942423,
    "destination_yc": 6705.181702589,
    "lower_tw": 120,
    "upper_tw": 150,
    "max_ride_time": 44.0
  },
  "P24": {
    "id": 24,
    "origin_xc": 572.1179885250001,
    "origin_yc": 6702.148942743001,
    "destination_xc": 594.247804455,
    "destination_yc": 6701.640244521001,
    "lower_tw": 120,
    "upper_tw": 150,
    "max_ride_time": 38.0
  },
  "P25": {
    "id": 25,
    "origin_xc": 568.600510993,
    "origin_yc": 6700.8707587809995,
    "destination_xc": 583.848468196,
    "destination_yc": 6693.587892202,
    "lower_tw": 120,
    "upper_tw": 150,
    "max_ride_time": 38.0
  }
}