{
  "D0": {
    "id": 0,
    "origin_xc": 566.9362859280001,
    "origin_yc": 6703.002563748,
    "destination_xc": 583.823468196,
    "destination_yc": 6693.5628922020005,
    "lower_tw": 120,
    "upper_tw": 150,
    "max_ride_time": 48.0,
    "max_capacity": 4.0
  }
}