{
  "D0": {
    "id": 0,
    "origin_xc": 560.93471271,
    "origin_yc": 6681.89769369,
    "destination_xc": 583.823468196,
    "destination_yc": 6693.5628922020005,
    "lower_tw": 120,
    "upper_tw": 150,
    "max_ride_time": 96.0,
    "max_capacity": 4.0
  },
  "D1": {
    "id": 1,
    "origin_xc": 554.3791455129999,
    "origin_yc": 6704.409422671,
    "destination_xc": 584.503583653,
    "destination_yc": 6703.348950079,
    "lower_tw": 120,
    "upper_tw": 150,
    "max_ride_time": 52.0,
    "max_capacity": 4.0
  },
  "D2": {
    "id": 2,
    "origin_xc": 554.3801455129999,
    "origin_yc": 6704.410422671001,
    "destination_xc": 583.825468196,
    "destination_yc": 6693.564892202001,
    "lower_tw": 120,
    "upper_tw": 150,
    "max_ride_time": 60.0,
    "max_capacity": 4.0
  },
  "D3": {
    "id": 3,
    "origin_xc": 531.8898452070001,
    "origin_yc": 6734.650212441,
    "destination_xc": 583.8264681960001,
    "destination_yc": 6693.565892202,
    "lower_tw": 120,
    "upper_tw": 150,
    "max_ride_time": 130.0,
    "max_capacity": 4.0
  },
  "D4": {
    "id": 4,
    "origin_xc": 553.113064462,
    "origin_yc": 6690.303096844,
    "destination_xc": 594.2278044550001,
    "destination_yc": 6701.620244521,
    "lower_tw": 120,
    "upper_tw": 150,
    "max_ride_time": 96.0,
    "max_capacity": 4.0
  }
}