{
  "D0": {
    "id": 0,
    "origin_xc": 564.854087073,
    "origin_yc": 6700.3641496830005,
    "destination_xc": 584.502583653,
    "destination_yc": 6703.347950079,
    "lower_tw": 120,
    "upper_tw": 150,
    "max_ride_time": 38.0,
    "max_capacity": 4.0
  },
  "D1": {
    "id": 1,
    "origin_xc": 572.0949885250001,
    "origin_yc": 6702.125942743,
    "destination_xc": 591.316942423,
    "destination_yc": 6705.1597025890005,
    "lower_tw": 120,
    "upper_tw": 150,
    "max_ride_time": 36.0,
    "max_capacity": 4.0
  },
  "D2": {
    "id": 2,
    "origin_xc": 545.727501836,
    "origin_yc": 6717.6180359360005,
    "destination_xc": 591.317942423,
    "destination_yc": 6705.160702589001,
    "lower_tw": 120,
    "upper_tw": 150,
    "max_ride_time": 88.0,
    "max_capacity": 4.0
  },
  "D3": {
    "id": 3,
    "origin_xc": 568.578510993,
    "origin_yc": 6700.848758781,
    "destination_xc": 591.3189424230001,
    "destination_yc": 6705.161702589,
    "lower_tw": 120,
    "upper_tw": 150,
    "max_ride_time": 44.0,
    "max_capacity": 4.0
  },
  "D4": {
    "id": 4,
    "origin_xc": 562.630117645,
    "origin_yc": 6686.515171345,
    "destination_xc": 591.319942423,
    "destination_yc": 6705.162702589,
    "lower_tw": 120,
    "upper_tw": 150,
    "max_ride_time": 86.0,
    "max_capacity": 4.0
  }
}