{
  "D0": {
    "id": 0,
    "origin_xc": 561.314293509,
    "origin_yc": 6703.767498438,
    "destination_xc": 584.502583653,
    "destination_yc": 6703.347950079,
    "lower_tw": 120,
    "upper_tw": 150,
    "max_ride_time": 42.0,
    "max_capacity": 4.0
  },
  "D1": {
    "id": 1,
    "origin_xc": 564.8550870729999,
    "origin_yc": 6700.365149683001,
    "destination_xc": 591.316942423,
    "destination_yc": 6705.1597025890005,
    "lower_tw": 120,
    "upper_tw": 150,
    "max_ride_time": 52.0,
    "max_capacity": 4.0
  },
  "D2": {
    "id": 2,
    "origin_xc": 566.938285928,
    "origin_yc": 6703.004563748001,
    "destination_xc": 594.225804455,
    "destination_yc": 6701.618244521001,
    "lower_tw": 120,
    "upper_tw": 150,
    "max_ride_time": 56.0,
    "max_capacity": 4.0
  },
  "D3": {
    "id": 3,
    "origin_xc": 568.578510993,
    "origin_yc": 6700.848758781,
    "destination_xc": 591.3189424230001,
    "destination_yc": 6705.161702589,
    "lower_tw": 120,
    "upper_tw": 150,
    "max_ride_time": 44.0,
    "max_capacity": 4.0
  },
  "D4": {
    "id": 4,
    "origin_xc": 564.858087073,
    "origin_yc": 6700.368149683,
    "destination_xc": 591.319942423,
    "destination_yc": 6705.162702589,
    "lower_tw": 120,
    "upper_tw": 150,
    "max_ride_time": 52.0,
    "max_capacity": 4.0
  },
  "D5": {
    "id": 5,
    "origin_xc": 554.3831455129999,
    "origin_yc": 6704.413422671,
    "destination_xc": 584.507583653,
    "destination_yc": 6703.352950079,
    "lower_tw": 120,
    "upper_tw": 150,
    "max_ride_time": 52.0,
    "max_capacity": 4.0
  },
  "D6": {
    "id": 6,
    "origin_xc": 572.0999885250001,
    "origin_yc": 6702.130942743001,
    "destination_xc": 591.321942423,
    "destination_yc": 6705.164702589001,
    "lower_tw": 120,
    "upper_tw": 150,
    "max_ride_time": 36.0,
    "max_capacity": 4.0
  },
  "D7": {
    "id": 7,
    "origin_xc": 572.100988525,
    "origin_yc": 6702.131942743,
    "destination_xc": 584.5095836529999,
    "destination_yc": 6703.3549500789995,
    "lower_tw": 120,
    "upper_tw": 150,
    "max_ride_time": 22.0,
    "max_capacity": 4.0
  },
  "D8": {
    "id": 8,
    "origin_xc": 568.583510993,
    "origin_yc": 6700.853758781,
    "destination_xc": 584.510583653,
    "destination_yc": 6703.355950079,
    "lower_tw": 120,
    "upper_tw": 150,
    "max_ride_time": 30.0,
    "max_capacity": 4.0
  },
  "D9": {
    "id": 9,
    "origin_xc": 572.1029885250001,
    "origin_yc": 6702.133942743,
    "destination_xc": 584.511583653,
    "destination_yc": 6703.356950079,
    "lower_tw": 120,
    "upper_tw": 150,
    "max_ride_time": 22.0,
    "max_capacity": 4.0
  },
  "D10": {
    "id": 10,
    "origin_xc": 572.1039885250001,
    "origin_yc": 6702.1349427430005,
    "destination_xc": 584.512583653,
    "destination_yc": 6703.357950079,
    "lower_tw": 120,
    "upper_tw": 150,
    "max_ride_time": 22.0,
    "max_capacity": 4.0
  },
  "D11": {
    "id": 11,
    "origin_xc": 559.513319768,
    "origin_yc": 6704.607270203001,
    "destination_xc": 591.326942423,
    "destination_yc": 6705.169702589001,
    "lower_tw": 120,
    "upper_tw": 150,
    "max_ride_time": 56.0,
    "max_capacity": 4.0
  },
  "D12": {
    "id": 12,
    "origin_xc": 553.1210644619999,
    "origin_yc": 6690.311096844,
    "destination_xc": 584.5145836529999,
    "destination_yc": 6703.359950079,
    "lower_tw": 120,
    "upper_tw": 150,
    "max_ride_time": 80.0,
    "max_capacity": 4.0
  },
  "D13": {
    "id": 13,
    "origin_xc": 561.327293509,
    "origin_yc": 6703.780498438,
    "destination_xc": 583.836468196,
    "destination_yc": 6693.575892202,
    "lower_tw": 120,
    "upper_tw": 150,
    "max_ride_time": 50.0,
    "max_capacity": 4.0
  },
  "D14": {
    "id": 14,
    "origin_xc": 566.896662785,
    "origin_yc": 6700.584870785,
    "destination_xc": 583.837468196,
    "destination_yc": 6693.576892202001,
    "lower_tw": 120,
    "upper_tw": 150,
    "max_ride_time": 38.0,
    "max_capacity": 4.0
  },
  "D15": {
    "id": 15,
    "origin_xc": 554.3931455129999,
    "origin_yc": 6704.4234226710005,
    "destination_xc": 583.838468196,
    "destination_yc": 6693.577892202001,
    "lower_tw": 120,
    "upper_tw": 150,
    "max_ride_time": 60.0,
    "max_capacity": 4.0
  },
  "D16": {
    "id": 16,
    "origin_xc": 561.330293509,
    "origin_yc": 6703.783498438,
    "destination_xc": 591.331942423,
    "destination_yc": 6705.174702589,
    "lower_tw": 120,
    "upper_tw": 150,
    "max_ride_time": 54.0,
    "max_capacity": 4.0
  }
}