{
  "D0": {
    "id": 0,
    "origin_xc": 553.109064462,
    "origin_yc": 6690.299096844,
    "destination_xc": 583.823468196,
    "destination_yc": 6693.5628922020005,
    "lower_tw": 120,
    "upper_tw": 150,
    "max_ride_time": 88.0,
    "max_capacity": 4.0
  },
  "D1": {
    "id": 1,
    "origin_xc": 553.110064462,
    "origin_yc": 6690.300096844,
    "destination_xc": 591.316942423,
    "destination_yc": 6705.1597025890005,
    "lower_tw": 120,
    "upper_tw": 150,
    "max_ride_time": 94.0,
    "max_capacity": 4.0
  },
  "D2": {
    "id": 2,
    "origin_xc": 564.8560870729999,
    "origin_yc": 6700.366149683001,
    "destination_xc": 591.317942423,
    "destination_yc": 6705.160702589001,
    "lower_tw": 120,
    "upper_tw": 150,
    "max_ride_time": 52.0,
    "max_capacity": 4.0
  },
  "D3": {
    "id": 3,
    "origin_xc": 566.9392859280001,
    "origin_yc": 6703.005563748,
    "destination_xc": 591.3189424230001,
    "destination_yc": 6705.161702589,
    "lower_tw": 120,
    "upper_tw": 150,
    "max_ride_time": 54.0,
    "max_capacity": 4.0
  },
  "D4": {
    "id": 4,
    "origin_xc": 561.318293509,
    "origin_yc": 6703.771498438,
    "destination_xc": 594.2278044550001,
    "destination_yc": 6701.620244521,
    "lower_tw": 120,
    "upper_tw": 150,
    "max_ride_time": 58.0,
    "max_capacity": 4.0
  },
  "D5": {
    "id": 5,
    "origin_xc": 568.580510993,
    "origin_yc": 6700.850758781,
    "destination_xc": 594.228804455,
    "destination_yc": 6701.621244521,
    "lower_tw": 120,
    "upper_tw": 150,
    "max_ride_time": 46.0,
    "max_capacity": 4.0
  },
  "D6": {
    "id": 6,
    "origin_xc": 554.3841455129999,
    "origin_yc": 6704.4144226710005,
    "destination_xc": 594.229804455,
    "destination_yc": 6701.6222445210005,
    "lower_tw": 120,
    "upper_tw": 150,
    "max_ride_time": 68.0,
    "max_capacity": 4.0
  },
  "D7": {
    "id": 7,
    "origin_xc": 553.1160644619999,
    "origin_yc": 6690.3060968439995,
    "destination_xc": 594.230804455,
    "destination_yc": 6701.623244521,
    "lower_tw": 120,
    "upper_tw": 150,
    "max_ride_time": 96.0,
    "max_capacity": 4.0
  },
  "D8": {
    "id": 8,
    "origin_xc": 568.583510993,
    "origin_yc": 6700.853758781,
    "destination_xc": 584.510583653,
    "destination_yc": 6703.355950079,
    "lower_tw": 120,
    "upper_tw": 150,
    "max_ride_time": 30.0,
    "max_capacity": 4.0
  },
  "D9": {
    "id": 9,
    "origin_xc": 568.584510993,
    "origin_yc": 6700.854758781,
    "destination_xc": 584.511583653,
    "destination_yc": 6703.356950079,
    "lower_tw": 120,
    "upper_tw": 150,
    "max_ride_time": 30.0,
    "max_capacity": 4.0
  },
  "D10": {
    "id": 10,
    "origin_xc": 559.512319768,
    "origin_yc": 6704.606270203,
    "destination_xc": 583.833468196,
    "destination_yc": 6693.572892202001,
    "lower_tw": 120,
    "upper_tw": 150,
    "max_ride_time": 50.0,
    "max_capacity": 4.0
  },
  "D11": {
    "id": 11,
    "origin_xc": 572.1049885250001,
    "origin_yc": 6702.135942743001,
    "destination_xc": 594.234804455,
    "destination_yc": 6701.627244521001,
    "lower_tw": 120,
    "upper_tw": 150,
    "max_ride_time": 38.0,
    "max_capacity": 4.0
  },
  "D12": {
    "id": 12,
    "origin_xc": 553.1210644619999,
    "origin_yc": 6690.311096844,
    "destination_xc": 584.5145836529999,
    "destination_yc": 6703.359950079,
    "lower_tw": 120,
    "upper_tw": 150,
    "max_ride_time": 80.0,
    "max_capacity": 4.0
  },
  "D13": {
    "id": 13,
    "origin_xc": 561.327293509,
    "origin_yc": 6703.780498438,
    "destination_xc": 591.3289424230001,
    "destination_yc": 6705.171702589,
    "lower_tw": 120,
    "upper_tw": 150,
    "max_ride_time": 54.0,
    "max_capacity": 4.0
  },
  "D14": {
    "id": 14,
    "origin_xc": 553.123064462,
    "origin_yc": 6690.313096844,
    "destination_xc": 591.329942423,
    "destination_yc": 6705.172702589,
    "lower_tw": 120,
    "upper_tw": 150,
    "max_ride_time": 94.0,
    "max_capacity": 4.0
  },
  "D15": {
    "id": 15,
    "origin_xc": 572.025611754,
    "origin_yc": 6700.644822936,
    "destination_xc": 594.238804455,
    "destination_yc": 6701.631244521001,
    "lower_tw": 120,
    "upper_tw": 150,
    "max_ride_time": 50.0,
    "max_capacity": 4.0
  },
  "D16": {
    "id": 16,
    "origin_xc": 553.125064462,
    "origin_yc": 6690.3150968439995,
    "destination_xc": 583.839468196,
    "destination_yc": 6693.578892202,
    "lower_tw": 120,
    "upper_tw": 150,
    "max_ride_time": 88.0,
    "max_capacity": 4.0
  },
  "D17": {
    "id": 17,
    "origin_xc": 568.592510993,
    "origin_yc": 6700.862758781,
    "destination_xc": 583.8404681960001,
    "destination_yc": 6693.579892202,
    "lower_tw": 120,
    "upper_tw": 150,
    "max_ride_time": 38.0,
    "max_capacity": 4.0
  },
  "D18": {
    "id": 18,
    "origin_xc": 572.1119885250001,
    "origin_yc": 6702.142942743,
    "destination_xc": 583.841468196,
    "destination_yc": 6693.5808922020005,
    "lower_tw": 120,
    "upper_tw": 150,
    "max_ride_time": 30.0,
    "max_capacity": 4.0
  },
  "D19": {
    "id": 19,
    "origin_xc": 572.029611754,
    "origin_yc": 6700.648822936,
    "destination_xc": 583.842468196,
    "destination_yc": 6693.581892202001,
    "lower_tw": 120,
    "upper_tw": 150,
    "max_ride_time": 42.0,
    "max_capacity": 4.0
  }
}