{
  "D0": {
    "id": 0,
    "origin_xc": 572.010611754,
    "origin_yc": 6700.629822936,
    "destination_xc": 584.502583653,
    "destination_yc": 6703.347950079,
    "lower_tw": 120,
    "upper_tw": 150,
    "max_ride_time": 34.0,
    "max_capacity": 4.0
  },
  "D1": {
    "id": 1,
    "origin_xc": 572.0949885250001,
    "origin_yc": 6702.125942743,
    "destination_xc": 591.316942423,
    "destination_yc": 6705.1597025890005,
    "lower_tw": 120,
    "upper_tw": 150,
    "max_ride_time": 36.0,
    "max_capacity": 4.0
  },
  "D2": {
    "id": 2,
    "origin_xc": 566.8846627849999,
    "origin_yc": 6700.572870785,
    "destination_xc": 583.825468196,
    "destination_yc": 6693.564892202001,
    "lower_tw": 120,
    "upper_tw": 150,
    "max_ride_time": 38.0,
    "max_capacity": 4.0
  },
  "D3": {
    "id": 3,
    "origin_xc": 572.0969885250001,
    "origin_yc": 6702.127942743,
    "destination_xc": 594.2268044550001,
    "destination_yc": 6701.619244521,
    "lower_tw": 120,
    "upper_tw": 150,
    "max_ride_time": 38.0,
    "max_capacity": 4.0
  },
  "D4": {
    "id": 4,
    "origin_xc": 553.113064462,
    "origin_yc": 6690.303096844,
    "destination_xc": 591.319942423,
    "destination_yc": 6705.162702589,
    "lower_tw": 120,
    "upper_tw": 150,
    "max_ride_time": 94.0,
    "max_capacity": 4.0
  },
  "D5": {
    "id": 5,
    "origin_xc": 561.319293509,
    "origin_yc": 6703.772498438,
    "destination_xc": 584.507583653,
    "destination_yc": 6703.352950079,
    "lower_tw": 120,
    "upper_tw": 150,
    "max_ride_time": 42.0,
    "max_capacity": 4.0
  },
  "D6": {
    "id": 6,
    "origin_xc": 559.508319768,
    "origin_yc": 6704.602270203,
    "destination_xc": 584.508583653,
    "destination_yc": 6703.353950079,
    "lower_tw": 120,
    "upper_tw": 150,
    "max_ride_time": 42.0,
    "max_capacity": 4.0
  },
  "D7": {
    "id": 7,
    "origin_xc": 572.017611754,
    "origin_yc": 6700.636822936,
    "destination_xc": 594.230804455,
    "destination_yc": 6701.623244521,
    "lower_tw": 120,
    "upper_tw": 150,
    "max_ride_time": 50.0,
    "max_capacity": 4.0
  },
  "D8": {
    "id": 8,
    "origin_xc": 568.583510993,
    "origin_yc": 6700.853758781,
    "destination_xc": 584.510583653,
    "destination_yc": 6703.355950079,
    "lower_tw": 120,
    "upper_tw": 150,
    "max_ride_time": 30.0,
    "max_capacity": 4.0
  },
  "D9": {
    "id": 9,
    "origin_xc": 572.1029885250001,
    "origin_yc": 6702.133942743,
    "destination_xc": 594.2328044550001,
    "destination_yc": 6701.625244521,
    "lower_tw": 120,
    "upper_tw": 150,
    "max_ride_time": 38.0,
    "max_capacity": 4.0
  }
}