{
  "D0": {
    "id": 0,
    "origin_xc": 572.010611754,
    "origin_yc": 6700.629822936,
    "destination_xc": 583.823468196,
    "destination_yc": 6693.5628922020005,
    "lower_tw": 120,
    "upper_tw": 150,
    "max_ride_time": 42.0,
    "max_capacity": 4.0
  },
  "D1": {
    "id": 1,
    "origin_xc": 566.937285928,
    "origin_yc": 6703.0035637480005,
    "destination_xc": 584.503583653,
    "destination_yc": 6703.348950079,
    "lower_tw": 120,
    "upper_tw": 150,
    "max_ride_time": 40.0,
    "max_capacity": 4.0
  },
  "D2": {
    "id": 2,
    "origin_xc": 564.8560870729999,
    "origin_yc": 6700.366149683001,
    "destination_xc": 584.5045836529999,
    "destination_yc": 6703.349950079,
    "lower_tw": 120,
    "upper_tw": 150,
    "max_ride_time": 38.0,
    "max_capacity": 4.0
  },
  "D3": {
    "id": 3,
    "origin_xc": 564.857087073,
    "origin_yc": 6700.367149683,
    "destination_xc": 584.505583653,
    "destination_yc": 6703.350950079,
    "lower_tw": 120,
    "upper_tw": 150,
    "max_ride_time": 38.0,
    "max_capacity": 4.0
  },
  "D4": {
    "id": 4,
    "origin_xc": 564.858087073,
    "origin_yc": 6700.368149683,
    "destination_xc": 591.319942423,
    "destination_yc": 6705.162702589,
    "lower_tw": 120,
    "upper_tw": 150,
    "max_ride_time": 52.0,
    "max_capacity": 4.0
  },
  "D5": {
    "id": 5,
    "origin_xc": 568.580510993,
    "origin_yc": 6700.850758781,
    "destination_xc": 583.828468196,
    "destination_yc": 6693.567892202001,
    "lower_tw": 120,
    "upper_tw": 150,
    "max_ride_time": 38.0,
    "max_capacity": 4.0
  },
  "D6": {
    "id": 6,
    "origin_xc": 564.8600870729999,
    "origin_yc": 6700.370149683001,
    "destination_xc": 591.321942423,
    "destination_yc": 6705.164702589001,
    "lower_tw": 120,
    "upper_tw": 150,
    "max_ride_time": 52.0,
    "max_capacity": 4.0
  },
  "D7": {
    "id": 7,
    "origin_xc": 559.509319768,
    "origin_yc": 6704.603270203,
    "destination_xc": 583.830468196,
    "destination_yc": 6693.569892202,
    "lower_tw": 120,
    "upper_tw": 150,
    "max_ride_time": 50.0,
    "max_capacity": 4.0
  },
  "D8": {
    "id": 8,
    "origin_xc": 553.117064462,
    "origin_yc": 6690.307096844,
    "destination_xc": 591.3239424230001,
    "destination_yc": 6705.166702589,
    "lower_tw": 120,
    "upper_tw": 150,
    "max_ride_time": 94.0,
    "max_capacity": 4.0
  },
  "D9": {
    "id": 9,
    "origin_xc": 564.863087073,
    "origin_yc": 6700.3731496830005,
    "destination_xc": 591.324942423,
    "destination_yc": 6705.167702589,
    "lower_tw": 120,
    "upper_tw": 150,
    "max_ride_time": 52.0,
    "max_capacity": 4.0
  },
  "D10": {
    "id": 10,
    "origin_xc": 568.585510993,
    "origin_yc": 6700.855758781,
    "destination_xc": 591.325942423,
    "destination_yc": 6705.1687025890005,
    "lower_tw": 120,
    "upper_tw": 150,
    "max_ride_time": 44.0,
    "max_capacity": 4.0
  },
  "D11": {
    "id": 11,
    "origin_xc": 566.947285928,
    "origin_yc": 6703.013563748001,
    "destination_xc": 594.234804455,
    "destination_yc": 6701.627244521001,
    "lower_tw": 120,
    "upper_tw": 150,
    "max_ride_time": 56.0,
    "max_capacity": 4.0
  },
  "D12": {
    "id": 12,
    "origin_xc": 564.8660870729999,
    "origin_yc": 6700.376149683,
    "destination_xc": 594.235804455,
    "destination_yc": 6701.628244521,
    "lower_tw": 120,
    "upper_tw": 150,
    "max_ride_time": 54.0,
    "max_capacity": 4.0
  },
  "D13": {
    "id": 13,
    "origin_xc": 564.867087073,
    "origin_yc": 6700.377149683,
    "destination_xc": 591.3289424230001,
    "destination_yc": 6705.171702589,
    "lower_tw": 120,
    "upper_tw": 150,
    "max_ride_time": 52.0,
    "max_capacity": 4.0
  },
  "D14": {
    "id": 14,
    "origin_xc": 572.024611754,
    "origin_yc": 6700.643822936,
    "destination_xc": 594.2378044550001,
    "destination_yc": 6701.630244521,
    "lower_tw": 120,
    "upper_tw": 150,
    "max_ride_time": 50.0,
    "max_capacity": 4.0
  },
  "D15": {
    "id": 15,
    "origin_xc": 553.124064462,
    "origin_yc": 6690.314096844,
    "destination_xc": 594.238804455,
    "destination_yc": 6701.631244521001,
    "lower_tw": 120,
    "upper_tw": 150,
    "max_ride_time": 96.0,
    "max_capacity": 4.0
  },
  "D16": {
    "id": 16,
    "origin_xc": 559.518319768,
    "origin_yc": 6704.612270203,
    "destination_xc": 584.518583653,
    "destination_yc": 6703.363950079,
    "lower_tw": 120,
    "upper_tw": 150,
    "max_ride_time": 42.0,
    "max_capacity": 4.0
  }
}