{
  "P1": {
    "id": 1,
    "origin_xc": 561.315293509,
    "origin_yc": 6703.768498438,
    "destination_xc": 591.316942423,
    "destination_yc": 6705.1597025890005,
    "lower_tw": 120,
    "upper_tw": 150,
    "max_ride_time": 54.0
  }
}