{
  "D0": {
    "id": 0,
    "origin_xc": 554.3781455129999,
    "origin_yc": 6704.408422671,
    "destination_xc": 583.823468196,
    "destination_yc": 6693.5628922020005,
    "lower_tw": 120,
    "upper_tw": 150,
    "max_ride_time": 60.0,
    "max_capacity": 4.0
  },
  "D1": {
    "id": 1,
    "origin_xc": 572.0949885250001,
    "origin_yc": 6702.125942743,
    "destination_xc": 594.224804455,
    "destination_yc": 6701.617244521,
    "lower_tw": 120,
    "upper_tw": 150,
    "max_ride_time": 38.0,
    "max_capacity": 4.0
  },
  "D2": {
    "id": 2,
    "origin_xc": 568.5775109929999,
    "origin_yc": 6700.847758781,
    "destination_xc": 594.225804455,
    "destination_yc": 6701.618244521001,
    "lower_tw": 120,
    "upper_tw": 150,
    "max_ride_time": 46.0,
    "max_capacity": 4.0
  },
  "D3": {
    "id": 3,
    "origin_xc": 566.9392859280001,
    "origin_yc": 6703.005563748,
    "destination_xc": 591.3189424230001,
    "destination_yc": 6705.161702589,
    "lower_tw": 120,
    "upper_tw": 150,
    "max_ride_time": 54.0,
    "max_capacity": 4.0
  },
  "D4": {
    "id": 4,
    "origin_xc": 566.9402859280001,
    "origin_yc": 6703.006563748,
    "destination_xc": 594.2278044550001,
    "destination_yc": 6701.620244521,
    "lower_tw": 120,
    "upper_tw": 150,
    "max_ride_time": 56.0,
    "max_capacity": 4.0
  },
  "D5": {
    "id": 5,
    "origin_xc": 553.114064462,
    "origin_yc": 6690.304096844,
    "destination_xc": 584.507583653,
    "destination_yc": 6703.352950079,
    "lower_tw": 120,
    "upper_tw": 150,
    "max_ride_time": 80.0,
    "max_capacity": 4.0
  },
  "D6": {
    "id": 6,
    "origin_xc": 561.320293509,
    "origin_yc": 6703.773498438,
    "destination_xc": 584.508583653,
    "destination_yc": 6703.353950079,
    "lower_tw": 120,
    "upper_tw": 150,
    "max_ride_time": 42.0,
    "max_capacity": 4.0
  },
  "D7": {
    "id": 7,
    "origin_xc": 568.5825109929999,
    "origin_yc": 6700.8527587809995,
    "destination_xc": 584.5095836529999,
    "destination_yc": 6703.3549500789995,
    "lower_tw": 120,
    "upper_tw": 150,
    "max_ride_time": 30.0,
    "max_capacity": 4.0
  },
  "D8": {
    "id": 8,
    "origin_xc": 568.583510993,
    "origin_yc": 6700.853758781,
    "destination_xc": 594.2318044550001,
    "destination_yc": 6701.624244521,
    "lower_tw": 120,
    "upper_tw": 150,
    "max_ride_time": 46.0,
    "max_capacity": 4.0
  },
  "D9": {
    "id": 9,
    "origin_xc": 559.511319768,
    "origin_yc": 6704.605270203,
    "destination_xc": 584.511583653,
    "destination_yc": 6703.356950079,
    "lower_tw": 120,
    "upper_tw": 150,
    "max_ride_time": 42.0,
    "max_capacity": 4.0
  }
}