{
  "D0": {
    "id": 0,
    "origin_xc": 559.502319768,
    "origin_yc": 6704.596270203,
    "destination_xc": 594.223804455,
    "destination_yc": 6701.616244521,
    "lower_tw": 120,
    "upper_tw": 150,
    "max_ride_time": 58.0,
    "max_capacity": 4.0
  },
  "D1": {
    "id": 1,
    "origin_xc": 561.315293509,
    "origin_yc": 6703.768498438,
    "destination_xc": 583.824468196,
    "destination_yc": 6693.563892202001,
    "lower_tw": 120,
    "upper_tw": 150,
    "max_ride_time": 50.0,
    "max_capacity": 4.0
  },
  "D2": {
    "id": 2,
    "origin_xc": 559.504319768,
    "origin_yc": 6704.5982702030005,
    "destination_xc": 591.317942423,
    "destination_yc": 6705.160702589001,
    "lower_tw": 120,
    "upper_tw": 150,
    "max_ride_time": 56.0,
    "max_capacity": 4.0
  },
  "D3": {
    "id": 3,
    "origin_xc": 566.9392859280001,
    "origin_yc": 6703.005563748,
    "destination_xc": 591.3189424230001,
    "destination_yc": 6705.161702589,
    "lower_tw": 120,
    "upper_tw": 150,
    "max_ride_time": 54.0,
    "max_capacity": 4.0
  },
  "D4": {
    "id": 4,
    "origin_xc": 554.382145513,
    "origin_yc": 6704.412422671,
    "destination_xc": 584.506583653,
    "destination_yc": 6703.351950079,
    "lower_tw": 120,
    "upper_tw": 150,
    "max_ride_time": 52.0,
    "max_capacity": 4.0
  },
  "D5": {
    "id": 5,
    "origin_xc": 566.9412859280001,
    "origin_yc": 6703.007563748,
    "destination_xc": 584.507583653,
    "destination_yc": 6703.352950079,
    "lower_tw": 120,
    "upper_tw": 150,
    "max_ride_time": 40.0,
    "max_capacity": 4.0
  },
  "D6": {
    "id": 6,
    "origin_xc": 566.942285928,
    "origin_yc": 6703.008563748001,
    "destination_xc": 591.321942423,
    "destination_yc": 6705.164702589001,
    "lower_tw": 120,
    "upper_tw": 150,
    "max_ride_time": 54.0,
    "max_capacity": 4.0
  },
  "D7": {
    "id": 7,
    "origin_xc": 572.100988525,
    "origin_yc": 6702.131942743,
    "destination_xc": 591.322942423,
    "destination_yc": 6705.165702589,
    "lower_tw": 120,
    "upper_tw": 150,
    "max_ride_time": 36.0,
    "max_capacity": 4.0
  },
  "D8": {
    "id": 8,
    "origin_xc": 564.862087073,
    "origin_yc": 6700.372149683,
    "destination_xc": 583.8314681960001,
    "destination_yc": 6693.570892202,
    "lower_tw": 120,
    "upper_tw": 150,
    "max_ride_time": 46.0,
    "max_capacity": 4.0
  },
  "D9": {
    "id": 9,
    "origin_xc": 564.863087073,
    "origin_yc": 6700.3731496830005,
    "destination_xc": 584.511583653,
    "destination_yc": 6703.356950079,
    "lower_tw": 120,
    "upper_tw": 150,
    "max_ride_time": 38.0,
    "max_capacity": 4.0
  },
  "D10": {
    "id": 10,
    "origin_xc": 572.1039885250001,
    "origin_yc": 6702.1349427430005,
    "destination_xc": 583.833468196,
    "destination_yc": 6693.572892202001,
    "lower_tw": 120,
    "upper_tw": 150,
    "max_ride_time": 30.0,
    "max_capacity": 4.0
  },
  "D11": {
    "id": 11,
    "origin_xc": 564.8650870729999,
    "origin_yc": 6700.375149683001,
    "destination_xc": 591.326942423,
    "destination_yc": 6705.169702589001,
    "lower_tw": 120,
    "upper_tw": 150,
    "max_ride_time": 52.0,
    "max_capacity": 4.0
  },
  "D12": {
    "id": 12,
    "origin_xc": 572.022611754,
    "origin_yc": 6700.641822936,
    "destination_xc": 584.5145836529999,
    "destination_yc": 6703.359950079,
    "lower_tw": 120,
    "upper_tw": 150,
    "max_ride_time": 34.0,
    "max_capacity": 4.0
  }
}