{
  "D0": {
    "id": 0,
    "origin_xc": 572.0939885250001,
    "origin_yc": 6702.124942743,
    "destination_xc": 594.223804455,
    "destination_yc": 6701.616244521,
    "lower_tw": 120,
    "upper_tw": 150,
    "max_ride_time": 38.0,
    "max_capacity": 4.0
  },
  "D1": {
    "id": 1,
    "origin_xc": 566.883662785,
    "origin_yc": 6700.571870785,
    "destination_xc": 584.503583653,
    "destination_yc": 6703.348950079,
    "lower_tw": 120,
    "upper_tw": 150,
    "max_ride_time": 30.0,
    "max_capacity": 4.0
  },
  "D2": {
    "id": 2,
    "origin_xc": 572.012611754,
    "origin_yc": 6700.631822936,
    "destination_xc": 583.825468196,
    "destination_yc": 6693.564892202001,
    "lower_tw": 120,
    "upper_tw": 150,
    "max_ride_time": 42.0,
    "max_capacity": 4.0
  },
  "D3": {
    "id": 3,
    "origin_xc": 568.578510993,
    "origin_yc": 6700.848758781,
    "destination_xc": 594.2268044550001,
    "destination_yc": 6701.619244521,
    "lower_tw": 120,
    "upper_tw": 150,
    "max_ride_time": 46.0,
    "max_capacity": 4.0
  },
  "D4": {
    "id": 4,
    "origin_xc": 568.579510993,
    "origin_yc": 6700.849758781,
    "destination_xc": 594.2278044550001,
    "destination_yc": 6701.620244521,
    "lower_tw": 120,
    "upper_tw": 150,
    "max_ride_time": 46.0,
    "max_capacity": 4.0
  },
  "D5": {
    "id": 5,
    "origin_xc": 554.3831455129999,
    "origin_yc": 6704.413422671,
    "destination_xc": 594.228804455,
    "destination_yc": 6701.621244521,
    "lower_tw": 120,
    "upper_tw": 150,
    "max_ride_time": 68.0,
    "max_capacity": 4.0
  },
  "D6": {
    "id": 6,
    "origin_xc": 554.3841455129999,
    "origin_yc": 6704.4144226710005,
    "destination_xc": 594.229804455,
    "destination_yc": 6701.6222445210005,
    "lower_tw": 120,
    "upper_tw": 150,
    "max_ride_time": 68.0,
    "max_capacity": 4.0
  },
  "D7": {
    "id": 7,
    "origin_xc": 572.100988525,
    "origin_yc": 6702.131942743,
    "destination_xc": 583.830468196,
    "destination_yc": 6693.569892202,
    "lower_tw": 120,
    "upper_tw": 150,
    "max_ride_time": 30.0,
    "max_capacity": 4.0
  },
  "D8": {
    "id": 8,
    "origin_xc": 572.0186117540001,
    "origin_yc": 6700.637822936,
    "destination_xc": 594.2318044550001,
    "destination_yc": 6701.624244521,
    "lower_tw": 120,
    "upper_tw": 150,
    "max_ride_time": 50.0,
    "max_capacity": 4.0
  },
  "D9": {
    "id": 9,
    "origin_xc": 566.891662785,
    "origin_yc": 6700.579870785,
    "destination_xc": 591.324942423,
    "destination_yc": 6705.167702589,
    "lower_tw": 120,
    "upper_tw": 150,
    "max_ride_time": 44.0,
    "max_capacity": 4.0
  },
  "D10": {
    "id": 10,
    "origin_xc": 572.020611754,
    "origin_yc": 6700.639822936,
    "destination_xc": 594.233804455,
    "destination_yc": 6701.626244521,
    "lower_tw": 120,
    "upper_tw": 150,
    "max_ride_time": 50.0,
    "max_capacity": 4.0
  },
  "D11": {
    "id": 11,
    "origin_xc": 554.3891455129999,
    "origin_yc": 6704.419422671001,
    "destination_xc": 594.234804455,
    "destination_yc": 6701.627244521001,
    "lower_tw": 120,
    "upper_tw": 150,
    "max_ride_time": 68.0,
    "max_capacity": 4.0
  },
  "D12": {
    "id": 12,
    "origin_xc": 568.5875109929999,
    "origin_yc": 6700.857758781,
    "destination_xc": 594.235804455,
    "destination_yc": 6701.628244521,
    "lower_tw": 120,
    "upper_tw": 150,
    "max_ride_time": 46.0,
    "max_capacity": 4.0
  },
  "D13": {
    "id": 13,
    "origin_xc": 568.588510993,
    "origin_yc": 6700.858758781,
    "destination_xc": 591.3289424230001,
    "destination_yc": 6705.171702589,
    "lower_tw": 120,
    "upper_tw": 150,
    "max_ride_time": 44.0,
    "max_capacity": 4.0
  },
  "D14": {
    "id": 14,
    "origin_xc": 561.328293509,
    "origin_yc": 6703.781498438,
    "destination_xc": 591.329942423,
    "destination_yc": 6705.172702589,
    "lower_tw": 120,
    "upper_tw": 150,
    "max_ride_time": 54.0,
    "max_capacity": 4.0
  },
  "D15": {
    "id": 15,
    "origin_xc": 566.9512859280001,
    "origin_yc": 6703.017563748001,
    "destination_xc": 583.838468196,
    "destination_yc": 6693.577892202001,
    "lower_tw": 120,
    "upper_tw": 150,
    "max_ride_time": 48.0,
    "max_capacity": 4.0
  },
  "D16": {
    "id": 16,
    "origin_xc": 553.125064462,
    "origin_yc": 6690.3150968439995,
    "destination_xc": 594.239804455,
    "destination_yc": 6701.632244521,
    "lower_tw": 120,
    "upper_tw": 150,
    "max_ride_time": 96.0,
    "max_capacity": 4.0
  },
  "D17": {
    "id": 17,
    "origin_xc": 559.5193197680001,
    "origin_yc": 6704.613270203,
    "destination_xc": 594.2408044550001,
    "destination_yc": 6701.633244521,
    "lower_tw": 120,
    "upper_tw": 150,
    "max_ride_time": 58.0,
    "max_capacity": 4.0
  },
  "D18": {
    "id": 18,
    "origin_xc": 572.1119885250001,
    "origin_yc": 6702.142942743,
    "destination_xc": 591.333942423,
    "destination_yc": 6705.176702589,
    "lower_tw": 120,
    "upper_tw": 150,
    "max_ride_time": 36.0,
    "max_capacity": 4.0
  },
  "D19": {
    "id": 19,
    "origin_xc": 553.128064462,
    "origin_yc": 6690.318096844,
    "destination_xc": 583.842468196,
    "destination_yc": 6693.581892202001,
    "lower_tw": 120,
    "upper_tw": 150,
    "max_ride_time": 88.0,
    "max_capacity": 4.0
  },
  "D20": {
    "id": 20,
    "origin_xc": 568.595510993,
    "origin_yc": 6700.865758781,
    "destination_xc": 584.522583653,
    "destination_yc": 6703.367950079,
    "lower_tw": 120,
    "upper_tw": 150,
    "max_ride_time": 30.0,
    "max_capacity": 4.0
  },
  "D21": {
    "id": 21,
    "origin_xc": 572.1149885250001,
    "origin_yc": 6702.145942743,
    "destination_xc": 584.523583653,
    "destination_yc": 6703.368950079,
    "lower_tw": 120,
    "upper_tw": 150,
    "max_ride_time": 22.0,
    "max_capacity": 4.0
  }
}