{
  "P5": {
    "id": 5,
    "origin_xc": 572.015611754,
    "origin_yc": 6700.634822936,
    "destination_xc": 594.228804455,
    "destination_yc": 6701.621244521,
    "lower_tw": 120,
    "upper_tw": 150,
    "max_ride_time": 37.5
  },
  "P6": {
    "id": 6,
    "origin_xc": 572.0999885250001,
    "origin_yc": 6702.130942743001,
    "destination_xc": 583.829468196,
    "destination_yc": 6693.568892202001,
    "lower_tw": 120,
    "upper_tw": 150,
    "max_ride_time": 22.5
  },
  "P7": {
    "id": 7,
    "origin_xc": 545.732501836,
    "origin_yc": 6717.623035936,
    "destination_xc": 583.830468196,
    "destination_yc": 6693.569892202,
    "lower_tw": 120,
    "upper_tw": 150,
    "max_ride_time": 61.5
  },
  "P8": {
    "id": 8,
    "origin_xc": 562.6341176450001,
    "origin_yc": 6686.519171345,
    "destination_xc": 584.510583653,
    "destination_yc": 6703.355950079,
    "lower_tw": 120,
    "upper_tw": 150,
    "max_ride_time": 54.0
  },
  "P9": {
    "id": 9,
    "origin_xc": 566.891662785,
    "origin_yc": 6700.579870785,
    "destination_xc": 584.511583653,
    "destination_yc": 6703.356950079,
    "lower_tw": 120,
    "upper_tw": 150,
    "max_ride_time": 22.5
  },
  "P10": {
    "id": 10,
    "origin_xc": 545.735501836,
    "origin_yc": 6717.626035936,
    "destination_xc": 594.233804455,
    "destination_yc": 6701.626244521,
    "lower_tw": 120,
    "upper_tw": 150,
    "max_ride_time": 67.5
  },
  "P11": {
    "id": 11,
    "origin_xc": 553.120064462,
    "origin_yc": 6690.310096844,
    "destination_xc": 591.326942423,
    "destination_yc": 6705.169702589001,
    "lower_tw": 120,
    "upper_tw": 150,
    "max_ride_time": 70.5
  },
  "P12": {
    "id": 12,
    "origin_xc": 562.755133779,
    "origin_yc": 6690.08972097,
    "destination_xc": 583.835468196,
    "destination_yc": 6693.574892202,
    "lower_tw": 120,
    "upper_tw": 150,
    "max_ride_time": 51.0
  },
  "P13": {
    "id": 13,
    "origin_xc": 568.588510993,
    "origin_yc": 6700.858758781,
    "destination_xc": 594.2368044550001,
    "destination_yc": 6701.629244521,
    "lower_tw": 120,
    "upper_tw": 150,
    "max_ride_time": 34.5
  },
  "P14": {
    "id": 14,
    "origin_xc": 562.757133779,
    "origin_yc": 6690.09172097,
    "destination_xc": 594.2378044550001,
    "destination_yc": 6701.630244521,
    "lower_tw": 120,
    "upper_tw": 150,
    "max_ride_time": 57.0
  },
  "P15": {
    "id": 15,
    "origin_xc": 551.390693589,
    "origin_yc": 6709.125273042,
    "destination_xc": 584.517583653,
    "destination_yc": 6703.362950079,
    "lower_tw": 120,
    "upper_tw": 150,
    "max_ride_time": 48.0
  },
  "P16": {
    "id": 16,
    "origin_xc": 572.026611754,
    "origin_yc": 6700.645822936,
    "destination_xc": 584.518583653,
    "destination_yc": 6703.363950079,
    "lower_tw": 120,
    "upper_tw": 150,
    "max_ride_time": 25.5
  },
  "P17": {
    "id": 17,
    "origin_xc": 566.899662785,
    "origin_yc": 6700.587870785,
    "destination_xc": 594.2408044550001,
    "destination_yc": 6701.633244521,
    "lower_tw": 120,
    "upper_tw": 150,
    "max_ride_time": 34.5
  }
}