{
  "P17": {
    "id": 17,
    "origin_xc": 570.9383847230001,
    "origin_yc": 6701.117440954999,
    "destination_xc": 584.519583653,
    "destination_yc": 6703.364950079,
    "lower_tw": 120,
    "upper_tw": 150,
    "max_ride_time": 30.0
  },
  "P18": {
    "id": 18,
    "origin_xc": 566.9542859280001,
    "origin_yc": 6703.020563748,
    "destination_xc": 583.841468196,
    "destination_yc": 6693.5808922020005,
    "lower_tw": 120,
    "upper_tw": 150,
    "max_ride_time": 48.0
  },
  "P19": {
    "id": 19,
    "origin_xc": 551.394693589,
    "origin_yc": 6709.129273042,
    "destination_xc": 583.842468196,
    "destination_yc": 6693.581892202001,
    "lower_tw": 120,
    "upper_tw": 150,
    "max_ride_time": 72.0
  },
  "P20": {
    "id": 20,
    "origin_xc": 568.595510993,
    "origin_yc": 6700.865758781,
    "destination_xc": 584.522583653,
    "destination_yc": 6703.367950079,
    "lower_tw": 120,
    "upper_tw": 150,
    "max_ride_time": 30.0
  },
  "P21": {
    "id": 21,
    "origin_xc": 559.523319768,
    "origin_yc": 6704.617270203,
    "destination_xc": 594.244804455,
    "destination_yc": 6701.637244521,
    "lower_tw": 120,
    "upper_tw": 150,
    "max_ride_time": 58.0
  },
  "P22": {
    "id": 22,
    "origin_xc": 560.95671271,
    "origin_yc": 6681.91969369,
    "destination_xc": 584.524583653,
    "destination_yc": 6703.369950079,
    "lower_tw": 120,
    "upper_tw": 150,
    "max_ride_time": 88.0
  },
  "P23": {
    "id": 23,
    "origin_xc": 570.9443847230001,
    "origin_yc": 6701.123440955,
    "destination_xc": 594.2468044550001,
    "destination_yc": 6701.639244521,
    "lower_tw": 120,
    "upper_tw": 150,
    "max_ride_time": 46.0
  },
  "P24": {
    "id": 24,
    "origin_xc": 566.9602859280001,
    "origin_yc": 6703.026563748001,
    "destination_xc": 583.847468196,
    "destination_yc": 6693.586892202001,
    "lower_tw": 120,
    "upper_tw": 150,
    "max_ride_time": 48.0
  },
  "P25": {
    "id": 25,
    "origin_xc": 543.222775708,
    "origin_yc": 6721.026288268,
    "destination_xc": 594.248804455,
    "destination_yc": 6701.641244521,
    "lower_tw": 120,
    "upper_tw": 150,
    "max_ride_time": 104.0
  },
  "P26": {
    "id": 26,
    "origin_xc": 564.8800870729999,
    "origin_yc": 6700.390149683,
    "destination_xc": 584.5285836529999,
    "destination_yc": 6703.373950079,
    "lower_tw": 120,
    "upper_tw": 150,
    "max_ride_time": 38.0
  },
  "P27": {
    "id": 27,
    "origin_xc": 559.529319768,
    "origin_yc": 6704.623270203,
    "destination_xc": 594.2508044550001,
    "destination_yc": 6701.643244521,
    "lower_tw": 120,
    "upper_tw": 150,
    "max_ride_time": 58.0
  },
  "P28": {
    "id": 28,
    "origin_xc": 564.882087073,
    "origin_yc": 6700.392149683001,
    "destination_xc": 591.343942423,
    "destination_yc": 6705.186702589001,
    "lower_tw": 120,
    "upper_tw": 150,
    "max_ride_time": 52.0
  },
  "P29": {
    "id": 29,
    "origin_xc": 562.772133779,
    "origin_yc": 6690.10672097,
    "destination_xc": 584.531583653,
    "destination_yc": 6703.376950079,
    "lower_tw": 120,
    "upper_tw": 150,
    "max_ride_time": 0.0
  },
  "P30": {
    "id": 30,
    "origin_xc": 566.966285928,
    "origin_yc": 6703.032563748,
    "destination_xc": 584.532583653,
    "destination_yc": 6703.377950079,
    "lower_tw": 120,
    "upper_tw": 150,
    "max_ride_time": 40.0
  },
  "P31": {
    "id": 31,
    "origin_xc": 561.3452935089999,
    "origin_yc": 6703.798498438,
    "destination_xc": 594.254804455,
    "destination_yc": 6701.647244521,
    "lower_tw": 120,
    "upper_tw": 150,
    "max_ride_time": 58.0
  },
  "P32": {
    "id": 32,
    "origin_xc": 568.966441886,
    "origin_yc": 6704.459296241001,
    "destination_xc": 583.8554681960001,
    "destination_yc": 6693.594892202001,
    "lower_tw": 120,
    "upper_tw": 150,
    "max_ride_time": 50.0
  },
  "P33": {
    "id": 33,
    "origin_xc": 566.915662785,
    "origin_yc": 6700.603870785,
    "destination_xc": 591.348942423,
    "destination_yc": 6705.191702589001,
    "lower_tw": 120,
    "upper_tw": 150,
    "max_ride_time": 44.0
  },
  "P34": {
    "id": 34,
    "origin_xc": 572.289746122,
    "origin_yc": 6703.633079581,
    "destination_xc": 591.349942423,
    "destination_yc": 6705.192702589,
    "lower_tw": 120,
    "upper_tw": 150,
    "max_ride_time": 42.0
  },
  "P35": {
    "id": 35,
    "origin_xc": 572.1289885250001,
    "origin_yc": 6702.159942743,
    "destination_xc": 594.258804455,
    "destination_yc": 6701.651244521,
    "lower_tw": 120,
    "upper_tw": 150,
    "max_ride_time": 38.0
  },
  "P36": {
    "id": 36,
    "origin_xc": 570.6981506879999,
    "origin_yc": 6698.606605428,
    "destination_xc": 583.859468196,
    "destination_yc": 6693.598892202001,
    "lower_tw": 120,
    "upper_tw": 150,
    "max_ride_time": 48.0
  },
  "P37": {
    "id": 37,
    "origin_xc": 572.1309885250001,
    "origin_yc": 6702.1619427430005,
    "destination_xc": 591.3529424230001,
    "destination_yc": 6705.195702589001,
    "lower_tw": 120,
    "upper_tw": 150,
    "max_ride_time": 36.0
  },
  "P38": {
    "id": 38,
    "origin_xc": 551.413693589,
    "origin_yc": 6709.148273041999,
    "destination_xc": 584.540583653,
    "destination_yc": 6703.3859500789995,
    "lower_tw": 120,
    "upper_tw": 150,
    "max_ride_time": 64.0
  },
  "P39": {
    "id": 39,
    "origin_xc": 570.701150688,
    "origin_yc": 6698.609605428,
    "destination_xc": 594.262804455,
    "destination_yc": 6701.655244521,
    "lower_tw": 120,
    "upper_tw": 150,
    "max_ride_time": 56.0
  },
  "P40": {
    "id": 40,
    "origin_xc": 572.1339885250001,
    "origin_yc": 6702.164942743,
    "destination_xc": 594.263804455,
    "destination_yc": 6701.656244521,
    "lower_tw": 120,
    "upper_tw": 150,
    "max_ride_time": 38.0
  },
  "P41": {
    "id": 41,
    "origin_xc": 565.935686906,
    "origin_yc": 6690.15979874,
    "destination_xc": 583.8644681960001,
    "destination_yc": 6693.603892202001,
    "lower_tw": 120,
    "upper_tw": 150,
    "max_ride_time": 74.0
  },
  "P42": {
    "id": 42,
    "origin_xc": 568.617510993,
    "origin_yc": 6700.887758781,
    "destination_xc": 584.544583653,
    "destination_yc": 6703.389950079,
    "lower_tw": 120,
    "upper_tw": 150,
    "max_ride_time": 30.0
  },
  "P43": {
    "id": 43,
    "origin_xc": 551.418693589,
    "origin_yc": 6709.1532730419995,
    "destination_xc": 594.266804455,
    "destination_yc": 6701.659244521,
    "lower_tw": 120,
    "upper_tw": 150,
    "max_ride_time": 80.0
  },
  "P44": {
    "id": 44,
    "origin_xc": 551.508510389,
    "origin_yc": 6708.306405664999,
    "destination_xc": 591.359942423,
    "destination_yc": 6705.202702589,
    "lower_tw": 120,
    "upper_tw": 150,
    "max_ride_time": 72.0
  },
  "P45": {
    "id": 45,
    "origin_xc": 570.966384723,
    "origin_yc": 6701.145440955,
    "destination_xc": 594.268804455,
    "destination_yc": 6701.661244521,
    "lower_tw": 120,
    "upper_tw": 150,
    "max_ride_time": 46.0
  },
  "P46": {
    "id": 46,
    "origin_xc": 561.360293509,
    "origin_yc": 6703.813498438,
    "destination_xc": 594.2698044550001,
    "destination_yc": 6701.6622445210005,
    "lower_tw": 120,
    "upper_tw": 150,
    "max_ride_time": 58.0
  },
  "P47": {
    "id": 47,
    "origin_xc": 570.246970265,
    "origin_yc": 6682.15785401,
    "destination_xc": 584.549583653,
    "destination_yc": 6703.3949500789995,
    "lower_tw": 120,
    "upper_tw": 150,
    "max_ride_time": 34.0
  },
  "P48": {
    "id": 48,
    "origin_xc": 559.550319768,
    "origin_yc": 6704.644270203,
    "destination_xc": 583.871468196,
    "destination_yc": 6693.610892202,
    "lower_tw": 120,
    "upper_tw": 150,
    "max_ride_time": 50.0
  },
  "P49": {
    "id": 49,
    "origin_xc": 561.363293509,
    "origin_yc": 6703.816498438,
    "destination_xc": 583.872468196,
    "destination_yc": 6693.6118922020005,
    "lower_tw": 120,
    "upper_tw": 150,
    "max_ride_time": 50.0
  },