{
  "P1": {
    "id": 1,
    "origin_xc": 564.8550870729999,
    "origin_yc": 6700.365149683001,
    "destination_xc": 594.224804455,
    "destination_yc": 6701.617244521,
    "lower_tw": 120,
    "upper_tw": 150,
    "max_ride_time": 54.0
  }
}