{
  "P17": {
    "id": 17,
    "origin_xc": 564.871087073,
    "origin_yc": 6700.381149683,
    "destination_xc": 583.8404681960001,
    "destination_yc": 6693.579892202,
    "lower_tw": 120,
    "upper_tw": 150,
    "max_ride_time": 46.0
  },
  "P18": {
    "id": 18,
    "origin_xc": 566.9542859280001,
    "origin_yc": 6703.020563748,
    "destination_xc": 594.2418044550001,
    "destination_yc": 6701.634244521,
    "lower_tw": 120,
    "upper_tw": 150,
    "max_ride_time": 56.0
  },
  "P19": {
    "id": 19,
    "origin_xc": 554.3971455129999,
    "origin_yc": 6704.427422671,
    "destination_xc": 584.521583653,
    "destination_yc": 6703.366950079,
    "lower_tw": 120,
    "upper_tw": 150,
    "max_ride_time": 52.0
  },
  "P20": {
    "id": 20,
    "origin_xc": 572.030611754,
    "origin_yc": 6700.649822936,
    "destination_xc": 583.843468196,
    "destination_yc": 6693.582892202001,
    "lower_tw": 120,
    "upper_tw": 150,
    "max_ride_time": 42.0
  },
  "P21": {
    "id": 21,
    "origin_xc": 561.3352935089999,
    "origin_yc": 6703.788498438,
    "destination_xc": 594.244804455,
    "destination_yc": 6701.637244521,
    "lower_tw": 120,
    "upper_tw": 150,
    "max_ride_time": 58.0
  },
  "P22": {
    "id": 22,
    "origin_xc": 554.400145513,
    "origin_yc": 6704.430422671,
    "destination_xc": 594.2458044550001,
    "destination_yc": 6701.638244521,
    "lower_tw": 120,
    "upper_tw": 150,
    "max_ride_time": 68.0
  },
  "P23": {
    "id": 23,
    "origin_xc": 564.877087073,
    "origin_yc": 6700.387149683001,
    "destination_xc": 594.2468044550001,
    "destination_yc": 6701.639244521,
    "lower_tw": 120,
    "upper_tw": 150,
    "max_ride_time": 54.0
  },
  "P24": {
    "id": 24,
    "origin_xc": 553.133064462,
    "origin_yc": 6690.323096844,
    "destination_xc": 583.847468196,
    "destination_yc": 6693.586892202001,
    "lower_tw": 120,
    "upper_tw": 150,
    "max_ride_time": 88.0
  },
  "P25": {
    "id": 25,
    "origin_xc": 566.961285928,
    "origin_yc": 6703.027563748,
    "destination_xc": 594.248804455,
    "destination_yc": 6701.641244521,
    "lower_tw": 120,
    "upper_tw": 150,
    "max_ride_time": 56.0
  },
  "P26": {
    "id": 26,
    "origin_xc": 568.6015109929999,
    "origin_yc": 6700.871758781,
    "destination_xc": 594.249804455,
    "destination_yc": 6701.642244521,
    "lower_tw": 120,
    "upper_tw": 150,
    "max_ride_time": 46.0
  },
  "P27": {
    "id": 27,
    "origin_xc": 568.602510993,
    "origin_yc": 6700.872758781,
    "destination_xc": 594.2508044550001,
    "destination_yc": 6701.643244521,
    "lower_tw": 120,
    "upper_tw": 150,
    "max_ride_time": 46.0
  },
  "P28": {
    "id": 28,
    "origin_xc": 561.342293509,
    "origin_yc": 6703.795498438,
    "destination_xc": 591.343942423,
    "destination_yc": 6705.186702589001,
    "lower_tw": 120,
    "upper_tw": 150,
    "max_ride_time": 54.0
  },
  "P29": {
    "id": 29,
    "origin_xc": 566.911662785,
    "origin_yc": 6700.599870785,
    "destination_xc": 591.344942423,
    "destination_yc": 6705.187702589001,
    "lower_tw": 120,
    "upper_tw": 150,
    "max_ride_time": 44.0
  },
  "P30": {
    "id": 30,
    "origin_xc": 564.8840870729999,
    "origin_yc": 6700.394149683,
    "destination_xc": 584.532583653,
    "destination_yc": 6703.377950079,
    "lower_tw": 120,
    "upper_tw": 150,
    "max_ride_time": 38.0
  },
  "P31": {
    "id": 31,
    "origin_xc": 554.4091455129999,
    "origin_yc": 6704.439422671,
    "destination_xc": 583.854468196,
    "destination_yc": 6693.5938922020005,
    "lower_tw": 120,
    "upper_tw": 150,
    "max_ride_time": 60.0
  },
  "P32": {
    "id": 32,
    "origin_xc": 566.914662785,
    "origin_yc": 6700.602870785,
    "destination_xc": 583.8554681960001,
    "destination_yc": 6693.594892202001,
    "lower_tw": 120,
    "upper_tw": 150,
    "max_ride_time": 38.0
  },
  "P33": {
    "id": 33,
    "origin_xc": 568.608510993,
    "origin_yc": 6700.878758781,
    "destination_xc": 583.856468196,
    "destination_yc": 6693.595892202001,
    "lower_tw": 120,
    "upper_tw": 150,
    "max_ride_time": 38.0
  },
  "P34": {
    "id": 34,
    "origin_xc": 554.4121455129999,
    "origin_yc": 6704.442422671,
    "destination_xc": 583.857468196,
    "destination_yc": 6693.596892202,
    "lower_tw": 120,
    "upper_tw": 150,
    "max_ride_time": 60.0
  },
  "P35": {
    "id": 35,
    "origin_xc": 572.1289885250001,
    "origin_yc": 6702.159942743,
    "destination_xc": 591.350942423,
    "destination_yc": 6705.193702589,
    "lower_tw": 120,
    "upper_tw": 150,
    "max_ride_time": 36.0
  },
  "P36": {
    "id": 36,
    "origin_xc": 561.3502935089999,
    "origin_yc": 6703.803498438,
    "destination_xc": 591.351942423,
    "destination_yc": 6705.194702589,
    "lower_tw": 120,
    "upper_tw": 150,
    "max_ride_time": 54.0
  },
  "P37": {
    "id": 37,
    "origin_xc": 561.351293509,
    "origin_yc": 6703.804498438,
    "destination_xc": 591.3529424230001,
    "destination_yc": 6705.195702589001,
    "lower_tw": 120,
    "upper_tw": 150,
    "max_ride_time": 54.0
  },
  "P38": {
    "id": 38,
    "origin_xc": 553.147064462,
    "origin_yc": 6690.3370968439995,
    "destination_xc": 583.861468196,
    "destination_yc": 6693.600892202,
    "lower_tw": 120,
    "upper_tw": 150,
    "max_ride_time": 88.0
  },
  "P39": {
    "id": 39,
    "origin_xc": 566.9752859280001,
    "origin_yc": 6703.041563748,
    "destination_xc": 583.862468196,
    "destination_yc": 6693.601892202,
    "lower_tw": 120,
    "upper_tw": 150,
    "max_ride_time": 48.0
  },
  "P40": {
    "id": 40,
    "origin_xc": 561.354293509,
    "origin_yc": 6703.807498438,
    "destination_xc": 584.542583653,
    "destination_yc": 6703.387950079,
    "lower_tw": 120,
    "upper_tw": 150,
    "max_ride_time": 42.0
  },
  "P41": {
    "id": 41,
    "origin_xc": 554.419145513,
    "origin_yc": 6704.449422671,
    "destination_xc": 594.2648044550001,
    "destination_yc": 6701.657244521,
    "lower_tw": 120,
    "upper_tw": 150,
    "max_ride_time": 68.0
  },
  "P42": {
    "id": 42,
    "origin_xc": 566.9782859280001,
    "origin_yc": 6703.044563748001,
    "destination_xc": 591.357942423,
    "destination_yc": 6705.200702589001,
    "lower_tw": 120,
    "upper_tw": 150,
    "max_ride_time": 54.0
  },
  "P43": {
    "id": 43,
    "origin_xc": 566.9792859280001,
    "origin_yc": 6703.045563748,
    "destination_xc": 583.866468196,
    "destination_yc": 6693.605892202,
    "lower_tw": 120,
    "upper_tw": 150,
    "max_ride_time": 48.0
  },
  "P44": {
    "id": 44,
    "origin_xc": 572.1379885250001,
    "origin_yc": 6702.168942743,
    "destination_xc": 584.546583653,
    "destination_yc": 6703.391950079,
    "lower_tw": 120,
    "upper_tw": 150,
    "max_ride_time": 22.0
  },
  "P45": {
    "id": 45,
    "origin_xc": 566.9276627849999,
    "origin_yc": 6700.615870785,
    "destination_xc": 591.360942423,
    "destination_yc": 6705.203702589,
    "lower_tw": 120,
    "upper_tw": 150,
    "max_ride_time": 44.0
  },
  "P46": {
    "id": 46,
    "origin_xc": 553.155064462,
    "origin_yc": 6690.345096844,
    "destination_xc": 583.8694681960001,
    "destination_yc": 6693.608892202001,
    "lower_tw": 120,
    "upper_tw": 150,
    "max_ride_time": 88.0
  },
  "P47": {
    "id": 47,
    "origin_xc": 566.929662785,
    "origin_yc": 6700.6178707849995,
    "destination_xc": 594.2708044550001,
    "destination_yc": 6701.663244521,
    "lower_tw": 120,
    "upper_tw": 150,
    "max_ride_time": 46.0
  },
  "P48": {
    "id": 48,
    "origin_xc": 553.157064462,
    "origin_yc": 6690.347096844,
    "destination_xc": 584.550583653,
    "destination_yc": 6703.395950079,
    "lower_tw": 120,
    "upper_tw": 150,
    "max_ride_time": 80.0
  },
  "P49": {
    "id": 49,
    "origin_xc": 572.1429885250001,
    "origin_yc": 6702.173942743,
    "destination_xc": 591.364942423,
    "destination_yc": 6705.207702589,
    "lower_tw": 120,
    "upper_tw": 150,
    "max_ride_time": 36.0
  },