{
  "P7": {
    "id": 7,
    "origin_location": "Arefjord",
    "destination_location": "Laksev\u00e5g",
    "origin_xc": 570.928384723,
    "origin_yc": 6701.107440954999,
    "destination_xc": 584.5095836529999,
    "destination_yc": 6703.3549500789995,
    "lower_tw": 120,
    "upper_tw": 150,
    "max_ride_time": 22.5
  },
  "P8": {
    "id": 8,
    "origin_location": "Tr\u00e6sneset",
    "destination_location": "Bergenhus",
    "origin_xc": 562.6341176450001,
    "origin_yc": 6686.519171345,
    "destination_xc": 591.3239424230001,
    "destination_yc": 6705.166702589,
    "lower_tw": 120,
    "upper_tw": 150,
    "max_ride_time": 64.5
  },
  "P9": {
    "id": 9,
    "origin_location": "Tofter\u00f8y",
    "destination_location": "Bergenhus",
    "origin_xc": 560.94371271,
    "origin_yc": 6681.90669369,
    "destination_xc": 591.324942423,
    "destination_yc": 6705.167702589,
    "lower_tw": 120,
    "upper_tw": 150,
    "max_ride_time": 76.5
  },
  "P10": {
    "id": 10,
    "origin_location": "Brattholmen",
    "destination_location": "Ytrebygda",
    "origin_xc": 572.020611754,
    "origin_yc": 6700.639822936,
    "destination_xc": 583.833468196,
    "destination_yc": 6693.572892202001,
    "lower_tw": 120,
    "upper_tw": 150,
    "max_ride_time": 31.5
  },
  "P11": {
    "id": 11,
    "origin_location": "Helles\u00f8y",
    "destination_location": "Laksev\u00e5g",
    "origin_xc": 531.897845207,
    "origin_yc": 6734.658212441001,
    "destination_xc": 584.513583653,
    "destination_yc": 6703.358950079,
    "lower_tw": 120,
    "upper_tw": 150,
    "max_ride_time": 93.0
  },
  "P12": {
    "id": 12,
    "origin_location": "Skogsv\u00e5g",
    "destination_location": "Ytrebygda",
    "origin_xc": 565.9066869059999,
    "origin_yc": 6690.13079874,
    "destination_xc": 583.835468196,
    "destination_yc": 6693.574892202,
    "lower_tw": 120,
    "upper_tw": 150,
    "max_ride_time": 55.5
  },
  "P13": {
    "id": 13,
    "origin_location": "Hjelteryggen",
    "destination_location": "Ytrebygda",
    "origin_xc": 572.268746122,
    "origin_yc": 6703.612079581,
    "destination_xc": 583.836468196,
    "destination_yc": 6693.575892202,
    "lower_tw": 120,
    "upper_tw": 150,
    "max_ride_time": 27.0
  },
  "P14": {
    "id": 14,
    "origin_location": "Skogsv\u00e5g",
    "destination_location": "Ytrebygda",
    "origin_xc": 565.908686906,
    "origin_yc": 6690.13279874,
    "destination_xc": 583.837468196,
    "destination_yc": 6693.576892202001,
    "lower_tw": 120,
    "upper_tw": 150,
    "max_ride_time": 55.5
  },
  "P15": {
    "id": 15,
    "origin_location": "Hammarsland",
    "destination_location": "Ytrebygda",
    "origin_xc": 562.758133779,
    "origin_yc": 6690.09272097,
    "destination_xc": 583.838468196,
    "destination_yc": 6693.577892202001,
    "lower_tw": 120,
    "upper_tw": 150,
    "max_ride_time": 51.0
  },
  "P16": {
    "id": 16,
    "origin_location": "K\u00e5rtveit",
    "destination_location": "Ytrebygda",
    "origin_xc": 554.3941455129999,
    "origin_yc": 6704.424422671,
    "destination_xc": 583.839468196,
    "destination_yc": 6693.578892202,
    "lower_tw": 120,
    "upper_tw": 150,
    "max_ride_time": 45.0
  },
  "P17": {
    "id": 17,
    "origin_location": "Foldnes",
    "destination_location": "Laksev\u00e5g",
    "origin_xc": 566.9532859280001,
    "origin_yc": 6703.019563748,
    "destination_xc": 584.519583653,
    "destination_yc": 6703.364950079,
    "lower_tw": 120,
    "upper_tw": 150,
    "max_ride_time": 30.0
  },
  "P18": {
    "id": 18,
    "origin_location": "Helles\u00f8y",
    "destination_location": "Bergenhus",
    "origin_xc": 531.9048452070001,
    "origin_yc": 6734.665212441,
    "destination_xc": 591.333942423,
    "destination_yc": 6705.176702589,
    "lower_tw": 120,
    "upper_tw": 150,
    "max_ride_time": 103.5
  },
  "P19": {
    "id": 19,
    "origin_location": "Skogsv\u00e5g",
    "destination_location": "\u00c5rstad",
    "origin_xc": 565.913686906,
    "origin_yc": 6690.13779874,
    "destination_xc": 594.242804455,
    "destination_yc": 6701.6352445210005,
    "lower_tw": 120,
    "upper_tw": 150,
    "max_ride_time": 61.5
  },
  "P20": {
    "id": 20,
    "origin_location": "Blom\u00f8y",
    "destination_location": "\u00c5rstad",
    "origin_xc": 543.217775708,
    "origin_yc": 6721.021288268001,
    "destination_xc": 594.243804455,
    "destination_yc": 6701.636244521001,
    "lower_tw": 120,
    "upper_tw": 150,
    "max_ride_time": 78.0
  },
  "P21": {
    "id": 21,
    "origin_location": "Helles\u00f8y",
    "destination_location": "Ytrebygda",
    "origin_xc": 531.907845207,
    "origin_yc": 6734.668212441,
    "destination_xc": 583.844468196,
    "destination_yc": 6693.583892202,
    "lower_tw": 120,
    "upper_tw": 150,
    "max_ride_time": 97.5
  },
  "P22": {
    "id": 22,
    "origin_location": "K\u00e5rtveit",
    "destination_location": "\u00c5rstad",
    "origin_xc": 554.400145513,
    "origin_yc": 6704.430422671,
    "destination_xc": 594.2458044550001,
    "destination_yc": 6701.638244521,
    "lower_tw": 120,
    "upper_tw": 150,
    "max_ride_time": 51.0
  },
  "P23": {
    "id": 23,
    "origin_location": "Kleppest\u00f8",
    "destination_location": "\u00c5rstad",
    "origin_xc": 570.222970265,
    "origin_yc": 6682.1338540100005,
    "destination_xc": 594.2468044550001,
    "destination_yc": 6701.639244521,
    "lower_tw": 120,
    "upper_tw": 150,
    "max_ride_time": 37.5
  },
  "P24": {
    "id": 24,
    "origin_location": "Hammarsland",
    "destination_location": "Laksev\u00e5g",
    "origin_xc": 562.767133779,
    "origin_yc": 6690.10172097,
    "destination_xc": 584.526583653,
    "destination_yc": 6703.371950079,
    "lower_tw": 120,
    "upper_tw": 150,
    "max_ride_time": 45.0
  },
  "P25": {
    "id": 25,
    "origin_location": "K\u00e5rtveit",
    "destination_location": "Ytrebygda",
    "origin_xc": 554.4031455129999,
    "origin_yc": 6704.433422671,
    "destination_xc": 583.848468196,
    "destination_yc": 6693.587892202,
    "lower_tw": 120,
    "upper_tw": 150,
    "max_ride_time": 45.0
  }
}