{
  "D0": {
    "id": 0,
    "origin_xc": 562.626117645,
    "origin_yc": 6686.511171345001,
    "destination_xc": 594.223804455,
    "destination_yc": 6701.616244521,
    "lower_tw": 120,
    "upper_tw": 150,
    "max_ride_time": 66.0,
    "max_capacity": 4.0
  },
  "D1": {
    "id": 1,
    "origin_xc": 566.937285928,
    "origin_yc": 6703.0035637480005,
    "destination_xc": 594.224804455,
    "destination_yc": 6701.617244521,
    "lower_tw": 120,
    "upper_tw": 150,
    "max_ride_time": 42.0,
    "max_capacity": 4.0
  },
  "D2": {
    "id": 2,
    "origin_xc": 572.012611754,
    "origin_yc": 6700.631822936,
    "destination_xc": 594.225804455,
    "destination_yc": 6701.618244521001,
    "lower_tw": 120,
    "upper_tw": 150,
    "max_ride_time": 37.5,
    "max_capacity": 4.0
  },
  "D3": {
    "id": 3,
    "origin_xc": 572.0136117540001,
    "origin_yc": 6700.632822936,
    "destination_xc": 594.2268044550001,
    "destination_yc": 6701.619244521,
    "lower_tw": 120,
    "upper_tw": 150,
    "max_ride_time": 37.5,
    "max_capacity": 4.0
  },
  "D4": {
    "id": 4,
    "origin_xc": 559.506319768,
    "origin_yc": 6704.600270203,
    "destination_xc": 591.319942423,
    "destination_yc": 6705.162702589,
    "lower_tw": 120,
    "upper_tw": 150,
    "max_ride_time": 42.0,
    "max_capacity": 4.0
  },
  "D5": {
    "id": 5,
    "origin_xc": 570.9263847230001,
    "origin_yc": 6701.105440955,
    "destination_xc": 591.320942423,
    "destination_yc": 6705.163702589,
    "lower_tw": 120,
    "upper_tw": 150,
    "max_ride_time": 33.0,
    "max_capacity": 4.0
  },
  "D6": {
    "id": 6,
    "origin_xc": 543.203775708,
    "origin_yc": 6721.007288268001,
    "destination_xc": 594.229804455,
    "destination_yc": 6701.6222445210005,
    "lower_tw": 120,
    "upper_tw": 150,
    "max_ride_time": 78.0,
    "max_capacity": 4.0
  }
}