{
  "P15": {
    "id": 15,
    "origin_xc": 564.869087073,
    "origin_yc": 6700.379149683001,
    "destination_xc": 584.517583653,
    "destination_yc": 6703.362950079,
    "lower_tw": 120,
    "upper_tw": 150,
    "max_ride_time": 28.5
  },
  "P16": {
    "id": 16,
    "origin_xc": 566.952285928,
    "origin_yc": 6703.018563748,
    "destination_xc": 594.239804455,
    "destination_yc": 6701.632244521,
    "lower_tw": 120,
    "upper_tw": 150,
    "max_ride_time": 42.0
  },
  "P17": {
    "id": 17,
    "origin_xc": 553.126064462,
    "origin_yc": 6690.316096844,
    "destination_xc": 591.3329424230001,
    "destination_yc": 6705.175702589,
    "lower_tw": 120,
    "upper_tw": 150,
    "max_ride_time": 70.5
  },
  "P18": {
    "id": 18,
    "origin_xc": 566.900662785,
    "origin_yc": 6700.588870785,
    "destination_xc": 583.841468196,
    "destination_yc": 6693.5808922020005,
    "lower_tw": 120,
    "upper_tw": 150,
    "max_ride_time": 28.5
  },
  "P19": {
    "id": 19,
    "origin_xc": 564.873087073,
    "origin_yc": 6700.383149683001,
    "destination_xc": 594.242804455,
    "destination_yc": 6701.6352445210005,
    "lower_tw": 120,
    "upper_tw": 150,
    "max_ride_time": 40.5
  },
  "P20": {
    "id": 20,
    "origin_xc": 554.3981455129999,
    "origin_yc": 6704.428422671001,
    "destination_xc": 594.243804455,
    "destination_yc": 6701.636244521001,
    "lower_tw": 120,
    "upper_tw": 150,
    "max_ride_time": 51.0
  },
  "P21": {
    "id": 21,
    "origin_xc": 564.8750870729999,
    "origin_yc": 6700.385149683,
    "destination_xc": 591.336942423,
    "destination_yc": 6705.179702589,
    "lower_tw": 120,
    "upper_tw": 150,
    "max_ride_time": 39.0
  },
  "P22": {
    "id": 22,
    "origin_xc": 553.131064462,
    "origin_yc": 6690.321096844,
    "destination_xc": 594.2458044550001,
    "destination_yc": 6701.638244521,
    "lower_tw": 120,
    "upper_tw": 150,
    "max_ride_time": 72.0
  },
  "P23": {
    "id": 23,
    "origin_xc": 561.337293509,
    "origin_yc": 6703.790498438,
    "destination_xc": 594.2468044550001,
    "destination_yc": 6701.639244521,
    "lower_tw": 120,
    "upper_tw": 150,
    "max_ride_time": 43.5
  },
  "P24": {
    "id": 24,
    "origin_xc": 553.133064462,
    "origin_yc": 6690.323096844,
    "destination_xc": 591.339942423,
    "destination_yc": 6705.182702589001,
    "lower_tw": 120,
    "upper_tw": 150,
    "max_ride_time": 70.5
  },
  "P25": {
    "id": 25,
    "origin_xc": 553.134064462,
    "origin_yc": 6690.3240968439995,
    "destination_xc": 591.340942423,
    "destination_yc": 6705.183702589,
    "lower_tw": 120,
    "upper_tw": 150,
    "max_ride_time": 70.5
  },
  "P26": {
    "id": 26,
    "origin_xc": 561.3402935089999,
    "origin_yc": 6703.793498438,
    "destination_xc": 584.5285836529999,
    "destination_yc": 6703.373950079,
    "lower_tw": 120,
    "upper_tw": 150,
    "max_ride_time": 31.5
  },
  "P27": {
    "id": 27,
    "origin_xc": 564.881087073,
    "origin_yc": 6700.391149683001,
    "destination_xc": 591.3429424230001,
    "destination_yc": 6705.185702589,
    "lower_tw": 120,
    "upper_tw": 150,
    "max_ride_time": 39.0
  },
  "P28": {
    "id": 28,
    "origin_xc": 561.342293509,
    "origin_yc": 6703.795498438,
    "destination_xc": 584.530583653,
    "destination_yc": 6703.375950079,
    "lower_tw": 120,
    "upper_tw": 150,
    "max_ride_time": 31.5
  },
  "P29": {
    "id": 29,
    "origin_xc": 566.9652859280001,
    "origin_yc": 6703.031563748001,
    "destination_xc": 591.344942423,
    "destination_yc": 6705.187702589001,
    "lower_tw": 120,
    "upper_tw": 150,
    "max_ride_time": 40.5
  },
  "P30": {
    "id": 30,
    "origin_xc": 568.6055109929999,
    "origin_yc": 6700.875758781,
    "destination_xc": 583.853468196,
    "destination_yc": 6693.592892202,
    "lower_tw": 120,
    "upper_tw": 150,
    "max_ride_time": 28.5
  },
  "P31": {
    "id": 31,
    "origin_xc": 561.3452935089999,
    "origin_yc": 6703.798498438,
    "destination_xc": 594.254804455,
    "destination_yc": 6701.647244521,
    "lower_tw": 120,
    "upper_tw": 150,
    "max_ride_time": 43.5
  },
  "P32": {
    "id": 32,
    "origin_xc": 564.886087073,
    "origin_yc": 6700.396149683001,
    "destination_xc": 584.534583653,
    "destination_yc": 6703.379950079,
    "lower_tw": 120,
    "upper_tw": 150,
    "max_ride_time": 28.5
  },
  "P33": {
    "id": 33,
    "origin_xc": 572.043611754,
    "origin_yc": 6700.662822936,
    "destination_xc": 584.535583653,
    "destination_yc": 6703.380950079,
    "lower_tw": 120,
    "upper_tw": 150,
    "max_ride_time": 25.5
  },
  "P34": {
    "id": 34,
    "origin_xc": 561.348293509,
    "origin_yc": 6703.801498438,
    "destination_xc": 594.257804455,
    "destination_yc": 6701.650244521,
    "lower_tw": 120,
    "upper_tw": 150,
    "max_ride_time": 43.5
  },
  "P35": {
    "id": 35,
    "origin_xc": 568.6105109929999,
    "origin_yc": 6700.880758781,
    "destination_xc": 583.858468196,
    "destination_yc": 6693.597892202,
    "lower_tw": 120,
    "upper_tw": 150,
    "max_ride_time": 28.5
  },
  "P36": {
    "id": 36,
    "origin_xc": 559.538319768,
    "origin_yc": 6704.632270203,
    "destination_xc": 583.859468196,
    "destination_yc": 6693.598892202001,
    "lower_tw": 120,
    "upper_tw": 150,
    "max_ride_time": 37.5
  },
  "P37": {
    "id": 37,
    "origin_xc": 559.539319768,
    "origin_yc": 6704.633270203,
    "destination_xc": 591.3529424230001,
    "destination_yc": 6705.195702589001,
    "lower_tw": 120,
    "upper_tw": 150,
    "max_ride_time": 42.0
  },
  "P38": {
    "id": 38,
    "origin_xc": 561.352293509,
    "origin_yc": 6703.805498438,
    "destination_xc": 591.353942423,
    "destination_yc": 6705.196702589,
    "lower_tw": 120,
    "upper_tw": 150,
    "max_ride_time": 40.5
  },
  "P39": {
    "id": 39,
    "origin_xc": 554.4171455129999,
    "origin_yc": 6704.447422671,
    "destination_xc": 583.862468196,
    "destination_yc": 6693.601892202,
    "lower_tw": 120,
    "upper_tw": 150,
    "max_ride_time": 45.0
  },
  "P40": {
    "id": 40,
    "origin_xc": 572.050611754,
    "origin_yc": 6700.669822936,
    "destination_xc": 591.355942423,
    "destination_yc": 6705.198702589,
    "lower_tw": 120,
    "upper_tw": 150,
    "max_ride_time": 36.0
  },
  "P41": {
    "id": 41,
    "origin_xc": 572.1349885250002,
    "origin_yc": 6702.165942743,
    "destination_xc": 583.8644681960001,
    "destination_yc": 6693.603892202001,
    "lower_tw": 120,
    "upper_tw": 150,
    "max_ride_time": 22.5
  },
  "P42": {
    "id": 42,
    "origin_xc": 572.052611754,
    "origin_yc": 6700.671822936,
    "destination_xc": 584.544583653,
    "destination_yc": 6703.389950079,
    "lower_tw": 120,
    "upper_tw": 150,
    "max_ride_time": 25.5
  },
  "P43": {
    "id": 43,
    "origin_xc": 559.545319768,
    "origin_yc": 6704.639270203,
    "destination_xc": 591.358942423,
    "destination_yc": 6705.201702589,
    "lower_tw": 120,
    "upper_tw": 150,
    "max_ride_time": 42.0
  },
  "P44": {
    "id": 44,
    "origin_xc": 568.619510993,
    "origin_yc": 6700.889758781,
    "destination_xc": 594.267804455,
    "destination_yc": 6701.660244521,
    "lower_tw": 120,
    "upper_tw": 150,
    "max_ride_time": 34.5
  },
  "P45": {
    "id": 45,
    "origin_xc": 561.3592935089999,
    "origin_yc": 6703.812498438,
    "destination_xc": 594.268804455,
    "destination_yc": 6701.661244521,
    "lower_tw": 120,
    "upper_tw": 150,
    "max_ride_time": 43.5
  },
  "P46": {
    "id": 46,
    "origin_xc": 561.360293509,
    "origin_yc": 6703.813498438,
    "destination_xc": 584.548583653,
    "destination_yc": 6703.393950079,
    "lower_tw": 120,
    "upper_tw": 150,
    "max_ride_time": 31.5
  },
  "P47": {
    "id": 47,
    "origin_xc": 554.425145513,
    "origin_yc": 6704.455422671,
    "destination_xc": 583.870468196,
    "destination_yc": 6693.609892202,
    "lower_tw": 120,
    "upper_tw": 150,
    "max_ride_time": 45.0
  },
  "P48": {
    "id": 48,