{
  "D0": {
    "id": 0,
    "origin_xc": 559.502319768,
    "origin_yc": 6704.596270203,
    "destination_xc": 584.502583653,
    "destination_yc": 6703.347950079,
    "lower_tw": 120,
    "upper_tw": 150,
    "max_ride_time": 42.0,
    "max_capacity": 4.0
  },
  "D1": {
    "id": 1,
    "origin_xc": 564.8550870729999,
    "origin_yc": 6700.365149683001,
    "destination_xc": 584.503583653,
    "destination_yc": 6703.348950079,
    "lower_tw": 120,
    "upper_tw": 150,
    "max_ride_time": 38.0,
    "max_capacity": 4.0
  },
  "D2": {
    "id": 2,
    "origin_xc": 572.095988525,
    "origin_yc": 6702.126942743001,
    "destination_xc": 591.317942423,
    "destination_yc": 6705.160702589001,
    "lower_tw": 120,
    "upper_tw": 150,
    "max_ride_time": 36.0,
    "max_capacity": 4.0
  },
  "D3": {
    "id": 3,
    "origin_xc": 566.9392859280001,
    "origin_yc": 6703.005563748,
    "destination_xc": 584.505583653,
    "destination_yc": 6703.350950079,
    "lower_tw": 120,
    "upper_tw": 150,
    "max_ride_time": 40.0,
    "max_capacity": 4.0
  },
  "D4": {
    "id": 4,
    "origin_xc": 559.506319768,
    "origin_yc": 6704.600270203,
    "destination_xc": 584.506583653,
    "destination_yc": 6703.351950079,
    "lower_tw": 120,
    "upper_tw": 150,
    "max_ride_time": 42.0,
    "max_capacity": 4.0
  },
  "D5": {
    "id": 5,
    "origin_xc": 554.3831455129999,
    "origin_yc": 6704.413422671,
    "destination_xc": 591.320942423,
    "destination_yc": 6705.163702589,
    "lower_tw": 120,
    "upper_tw": 150,
    "max_ride_time": 66.0,
    "max_capacity": 4.0
  },
  "D6": {
    "id": 6,
    "origin_xc": 553.115064462,
    "origin_yc": 6690.305096844,
    "destination_xc": 584.508583653,
    "destination_yc": 6703.353950079,
    "lower_tw": 120,
    "upper_tw": 150,
    "max_ride_time": 80.0,
    "max_capacity": 4.0
  },
  "D7": {
    "id": 7,
    "origin_xc": 566.943285928,
    "origin_yc": 6703.009563748,
    "destination_xc": 584.5095836529999,
    "destination_yc": 6703.3549500789995,
    "lower_tw": 120,
    "upper_tw": 150,
    "max_ride_time": 40.0,
    "max_capacity": 4.0
  },
  "D8": {
    "id": 8,
    "origin_xc": 572.0186117540001,
    "origin_yc": 6700.637822936,
    "destination_xc": 583.8314681960001,
    "destination_yc": 6693.570892202,
    "lower_tw": 120,
    "upper_tw": 150,
    "max_ride_time": 42.0,
    "max_capacity": 4.0
  },
  "D9": {
    "id": 9,
    "origin_xc": 564.863087073,
    "origin_yc": 6700.3731496830005,
    "destination_xc": 584.511583653,
    "destination_yc": 6703.356950079,
    "lower_tw": 120,
    "upper_tw": 150,
    "max_ride_time": 38.0,
    "max_capacity": 4.0
  }
}