{
  "D0": {
    "id": 0,
    "origin_xc": 551.375693589,
    "origin_yc": 6709.110273042,
    "destination_xc": 591.315942423,
    "destination_yc": 6705.158702589,
    "lower_tw": 120,
    "upper_tw": 150,
    "max_ride_time": 78.0,
    "max_capacity": 4.0
  },
  "D1": {
    "id": 1,
    "origin_xc": 559.503319768,
    "origin_yc": 6704.597270203,
    "destination_xc": 591.316942423,
    "destination_yc": 6705.1597025890005,
    "lower_tw": 120,
    "upper_tw": 150,
    "max_ride_time": 56.0,
    "max_capacity": 4.0
  },
  "D2": {
    "id": 2,
    "origin_xc": 568.5775109929999,
    "origin_yc": 6700.847758781,
    "destination_xc": 591.317942423,
    "destination_yc": 6705.160702589001,
    "lower_tw": 120,
    "upper_tw": 150,
    "max_ride_time": 44.0,
    "max_capacity": 4.0
  },
  "D3": {
    "id": 3,
    "origin_xc": 551.467510389,
    "origin_yc": 6708.265405664999,
    "destination_xc": 584.505583653,
    "destination_yc": 6703.350950079,
    "lower_tw": 120,
    "upper_tw": 150,
    "max_ride_time": 58.0,
    "max_capacity": 4.0
  },
  "D4": {
    "id": 4,
    "origin_xc": 572.014611754,
    "origin_yc": 6700.633822936,
    "destination_xc": 591.319942423,
    "destination_yc": 6705.162702589,
    "lower_tw": 120,
    "upper_tw": 150,
    "max_ride_time": 48.0,
    "max_capacity": 4.0
  }
}