{
<<<<<<< HEAD
  "P15": {
    "id": 15,
    "origin_xc": 559.517319768,
    "origin_yc": 6704.6112702030005,
    "destination_xc": 584.517583653,
    "destination_yc": 6703.362950079,
=======
  "P5": {
    "id": 5,
    "origin_xc": 545.730501836,
    "origin_yc": 6717.621035936,
    "destination_xc": 583.828468196,
    "destination_yc": 6693.567892202001,
    "lower_tw": 120,
    "upper_tw": 150,
    "max_ride_time": 61.5
  },
  "P6": {
    "id": 6,
    "origin_xc": 554.3841455129999,
    "origin_yc": 6704.4144226710005,
    "destination_xc": 583.829468196,
    "destination_yc": 6693.568892202001,
>>>>>>> 716b0a85c58c4ec904c433b9376bce56f3618689
    "lower_tw": 120,
    "upper_tw": 150,
    "max_ride_time": 45.0
  },
<<<<<<< HEAD
  "P16": {
    "id": 16,
    "origin_xc": 564.8700870729999,
    "origin_yc": 6700.380149683,
    "destination_xc": 594.239804455,
    "destination_yc": 6701.632244521,
    "lower_tw": 120,
    "upper_tw": 150,
    "max_ride_time": 54.0
  },
  "P17": {
    "id": 17,
    "origin_xc": 566.899662785,
    "origin_yc": 6700.587870785,
    "destination_xc": 584.519583653,
    "destination_yc": 6703.364950079,
    "lower_tw": 120,
    "upper_tw": 150,
    "max_ride_time": 30.0
  },
  "P18": {
    "id": 18,
    "origin_xc": 572.1119885250001,
    "origin_yc": 6702.142942743,
    "destination_xc": 584.520583653,
    "destination_yc": 6703.365950079,
    "lower_tw": 120,
    "upper_tw": 150,
    "max_ride_time": 22.0
  },
  "P19": {
    "id": 19,
    "origin_xc": 559.521319768,
    "origin_yc": 6704.615270203,
    "destination_xc": 594.242804455,
    "destination_yc": 6701.6352445210005,
    "lower_tw": 120,
    "upper_tw": 150,
    "max_ride_time": 58.0
  },
  "P20": {
    "id": 20,
    "origin_xc": 572.030611754,
    "origin_yc": 6700.649822936,
    "destination_xc": 594.243804455,
    "destination_yc": 6701.636244521001,
    "lower_tw": 120,
    "upper_tw": 150,
    "max_ride_time": 50.0
  },
  "P21": {
    "id": 21,
    "origin_xc": 572.1149885250001,
    "origin_yc": 6702.145942743,
    "destination_xc": 594.244804455,
    "destination_yc": 6701.637244521,
    "lower_tw": 120,
    "upper_tw": 150,
    "max_ride_time": 38.0
  },
  "P22": {
    "id": 22,
    "origin_xc": 566.904662785,
    "origin_yc": 6700.592870785,
    "destination_xc": 594.2458044550001,
    "destination_yc": 6701.638244521,
    "lower_tw": 120,
    "upper_tw": 150,
    "max_ride_time": 46.0
  },
  "P23": {
    "id": 23,
    "origin_xc": 566.9592859280001,
    "origin_yc": 6703.025563748,
    "destination_xc": 591.338942423,
    "destination_yc": 6705.181702589,
    "lower_tw": 120,
    "upper_tw": 150,
    "max_ride_time": 54.0
  },
  "P24": {
    "id": 24,
    "origin_xc": 568.599510993,
    "origin_yc": 6700.869758781,
    "destination_xc": 591.339942423,
    "destination_yc": 6705.182702589001,
    "lower_tw": 120,
    "upper_tw": 150,
    "max_ride_time": 44.0
  },
  "P25": {
    "id": 25,
    "origin_xc": 553.134064462,
    "origin_yc": 6690.3240968439995,
    "destination_xc": 594.248804455,
    "destination_yc": 6701.641244521,
    "lower_tw": 120,
    "upper_tw": 150,
    "max_ride_time": 96.0
  },
  "P26": {
    "id": 26,
    "origin_xc": 572.119988525,
    "origin_yc": 6702.150942743,
    "destination_xc": 584.5285836529999,
    "destination_yc": 6703.373950079,
    "lower_tw": 120,
    "upper_tw": 150,
    "max_ride_time": 22.0
  },
  "P27": {
    "id": 27,
    "origin_xc": 559.529319768,
    "origin_yc": 6704.623270203,
    "destination_xc": 583.8504681960001,
    "destination_yc": 6693.589892202001,
    "lower_tw": 120,
    "upper_tw": 150,
    "max_ride_time": 50.0
  },
  "P28": {
    "id": 28,
    "origin_xc": 572.038611754,
    "origin_yc": 6700.657822936,
    "destination_xc": 584.530583653,
    "destination_yc": 6703.375950079,
    "lower_tw": 120,
    "upper_tw": 150,
    "max_ride_time": 34.0
  },
  "P29": {
    "id": 29,
    "origin_xc": 553.138064462,
    "origin_yc": 6690.328096844,
    "destination_xc": 583.852468196,
    "destination_yc": 6693.591892202001,
    "lower_tw": 120,
    "upper_tw": 150,
    "max_ride_time": 88.0
  },
  "P30": {
    "id": 30,
    "origin_xc": 559.532319768,
    "origin_yc": 6704.626270203,
    "destination_xc": 591.345942423,
    "destination_yc": 6705.188702589,
    "lower_tw": 120,
    "upper_tw": 150,
    "max_ride_time": 56.0
  },
  "P31": {
    "id": 31,
    "origin_xc": 553.1400644619999,
    "origin_yc": 6690.330096844,
    "destination_xc": 584.5335836529999,
    "destination_yc": 6703.378950079,
    "lower_tw": 120,
    "upper_tw": 150,
    "max_ride_time": 80.0
  },
  "P32": {
    "id": 32,
    "origin_xc": 559.534319768,
    "origin_yc": 6704.628270203,
    "destination_xc": 583.8554681960001,
    "destination_yc": 6693.594892202001,
    "lower_tw": 120,
    "upper_tw": 150,
    "max_ride_time": 50.0
  },
  "P33": {
    "id": 33,
    "origin_xc": 566.915662785,
    "origin_yc": 6700.603870785,
    "destination_xc": 591.348942423,
    "destination_yc": 6705.191702589001,
    "lower_tw": 120,
    "upper_tw": 150,
    "max_ride_time": 44.0
  },
  "P34": {
    "id": 34,
    "origin_xc": 566.9702859280001,
    "origin_yc": 6703.036563748,
    "destination_xc": 594.257804455,
    "destination_yc": 6701.650244521,
    "lower_tw": 120,
    "upper_tw": 150,
    "max_ride_time": 56.0
  },
  "P35": {
    "id": 35,
    "origin_xc": 572.045611754,
    "origin_yc": 6700.664822936,
    "destination_xc": 583.858468196,
    "destination_yc": 6693.597892202,
    "lower_tw": 120,
    "upper_tw": 150,
    "max_ride_time": 42.0
  },
  "P36": {
    "id": 36,
    "origin_xc": 568.6115109929999,
    "origin_yc": 6700.881758781,
    "destination_xc": 591.351942423,
    "destination_yc": 6705.194702589,
    "lower_tw": 120,
    "upper_tw": 150,
    "max_ride_time": 44.0
  },
  "P37": {
    "id": 37,
    "origin_xc": 572.0476117540001,
    "origin_yc": 6700.666822936,
    "destination_xc": 583.860468196,
    "destination_yc": 6693.599892202001,
    "lower_tw": 120,
    "upper_tw": 150,
    "max_ride_time": 42.0
  },
  "P38": {
    "id": 38,
    "origin_xc": 554.416145513,
    "origin_yc": 6704.446422671,
    "destination_xc": 591.353942423,
    "destination_yc": 6705.196702589,
    "lower_tw": 120,
    "upper_tw": 150,
    "max_ride_time": 66.0
  },
  "P39": {
    "id": 39,
    "origin_xc": 559.541319768,
    "origin_yc": 6704.635270203,
    "destination_xc": 591.354942423,
    "destination_yc": 6705.197702589,
    "lower_tw": 120,
    "upper_tw": 150,
    "max_ride_time": 56.0
  },
  "P40": {
    "id": 40,
    "origin_xc": 561.354293509,
    "origin_yc": 6703.807498438,
    "destination_xc": 591.355942423,
    "destination_yc": 6705.198702589,
    "lower_tw": 120,
    "upper_tw": 150,
    "max_ride_time": 54.0
  },
  "P41": {
    "id": 41,
    "origin_xc": 553.150064462,
    "origin_yc": 6690.340096844,
    "destination_xc": 591.3569424230001,
    "destination_yc": 6705.1997025890005,
    "lower_tw": 120,
    "upper_tw": 150,
    "max_ride_time": 94.0
  },
  "P42": {
    "id": 42,
    "origin_xc": 561.356293509,
    "origin_yc": 6703.809498438,
    "destination_xc": 583.865468196,
    "destination_yc": 6693.604892202001,
    "lower_tw": 120,
    "upper_tw": 150,
    "max_ride_time": 50.0
  },
  "P43": {
    "id": 43,
    "origin_xc": 559.545319768,
    "origin_yc": 6704.639270203,
    "destination_xc": 583.866468196,
    "destination_yc": 6693.605892202,
    "lower_tw": 120,
    "upper_tw": 150,
    "max_ride_time": 50.0
  },
  "P44": {
    "id": 44,
    "origin_xc": 561.358293509,
    "origin_yc": 6703.811498438,
    "destination_xc": 594.267804455,
    "destination_yc": 6701.660244521,
    "lower_tw": 120,
    "upper_tw": 150,
    "max_ride_time": 58.0
  },
  "P45": {
    "id": 45,
    "origin_xc": 561.3592935089999,
    "origin_yc": 6703.812498438,
    "destination_xc": 584.547583653,
    "destination_yc": 6703.392950079,
    "lower_tw": 120,
    "upper_tw": 150,
    "max_ride_time": 42.0
  },
  "P46": {
    "id": 46,