{
  "P5": {
    "id": 5,
    "origin_xc": 566.9412859280001,
    "origin_yc": 6703.007563748,
    "destination_xc": 583.828468196,
    "destination_yc": 6693.567892202001,
    "lower_tw": 120,
    "upper_tw": 150,
    "max_ride_time": 48.0
  },
  "P6": {
    "id": 6,
    "origin_xc": 566.942285928,
    "origin_yc": 6703.008563748001,
    "destination_xc": 591.321942423,
    "destination_yc": 6705.164702589001,
    "lower_tw": 120,
    "upper_tw": 150,
    "max_ride_time": 54.0
  },
  "P7": {
    "id": 7,
    "origin_xc": 572.262746122,
    "origin_yc": 6703.606079581,
    "destination_xc": 584.5095836529999,
    "destination_yc": 6703.3549500789995,
    "lower_tw": 120,
    "upper_tw": 150,
    "max_ride_time": 28.0
  },
  "P8": {
    "id": 8,
    "origin_xc": 568.583510993,
    "origin_yc": 6700.853758781,
    "destination_xc": 591.3239424230001,
    "destination_yc": 6705.166702589,
    "lower_tw": 120,
    "upper_tw": 150,
    "max_ride_time": 44.0
  },
  "P9": {
    "id": 9,
    "origin_xc": 551.384693589,
    "origin_yc": 6709.119273042,
    "destination_xc": 594.2328044550001,
    "destination_yc": 6701.625244521,
    "lower_tw": 120,
    "upper_tw": 150,
    "max_ride_time": 80.0
  },
  "P10": {
    "id": 10,
    "origin_xc": 566.892662785,
    "origin_yc": 6700.580870785,
    "destination_xc": 591.325942423,
    "destination_yc": 6705.1687025890005,
    "lower_tw": 120,
    "upper_tw": 150,
    "max_ride_time": 44.0
  },
  "P11": {
    "id": 11,
    "origin_xc": 551.475510389,
    "origin_yc": 6708.273405665,
    "destination_xc": 583.834468196,
    "destination_yc": 6693.573892202001,
    "lower_tw": 120,
    "upper_tw": 150,
    "max_ride_time": 66.0
  },
  "P12": {
    "id": 12,
    "origin_xc": 531.898845207,
    "origin_yc": 6734.659212441,
    "destination_xc": 591.327942423,
    "destination_yc": 6705.170702589,
    "lower_tw": 120,
    "upper_tw": 150,
    "max_ride_time": 138.0
  },
  "P13": {
    "id": 13,
    "origin_xc": 564.867087073,
    "origin_yc": 6700.377149683,
    "destination_xc": 594.2368044550001,
    "destination_yc": 6701.629244521,
    "lower_tw": 120,
    "upper_tw": 150,
    "max_ride_time": 54.0
  },
  "P14": {
    "id": 14,
    "origin_xc": 568.948441886,
    "origin_yc": 6704.441296241001,
    "destination_xc": 594.2378044550001,
    "destination_yc": 6701.630244521,
    "lower_tw": 120,
    "upper_tw": 150,
    "max_ride_time": 58.0
  },
  "P15": {
    "id": 15,
    "origin_xc": 572.270746122,
    "origin_yc": 6703.614079581001,
    "destination_xc": 591.330942423,
    "destination_yc": 6705.173702589001,
    "lower_tw": 120,
    "upper_tw": 150,
    "max_ride_time": 42.0
  },
  "P16": {
    "id": 16,
    "origin_xc": 564.8700870729999,
    "origin_yc": 6700.380149683,
    "destination_xc": 584.518583653,
    "destination_yc": 6703.363950079,
    "lower_tw": 120,
    "upper_tw": 150,
    "max_ride_time": 38.0
  },
  "P17": {
    "id": 17,
    "origin_xc": 553.126064462,
    "origin_yc": 6690.316096844,
    "destination_xc": 583.8404681960001,
    "destination_yc": 6693.579892202,
    "lower_tw": 120,
    "upper_tw": 150,
    "max_ride_time": 88.0
  },
  "P18": {
    "id": 18,
    "origin_xc": 564.872087073,
    "origin_yc": 6700.3821496830005,
    "destination_xc": 583.841468196,
    "destination_yc": 6693.5808922020005,
    "lower_tw": 120,
    "upper_tw": 150,
    "max_ride_time": 46.0
  },
  "P19": {
    "id": 19,
    "origin_xc": 562.762133779,
    "origin_yc": 6690.09672097,
    "destination_xc": 594.242804455,
    "destination_yc": 6701.6352445210005,
    "lower_tw": 120,
    "upper_tw": 150,
    "max_ride_time": 76.0
  },
  "P20": {
    "id": 20,
    "origin_xc": 562.646117645,
    "origin_yc": 6686.531171345001,
    "destination_xc": 591.335942423,
    "destination_yc": 6705.178702589001,
    "lower_tw": 120,
    "upper_tw": 150,
    "max_ride_time": 86.0
  },
  "P21": {
    "id": 21,
    "origin_xc": 572.1149885250001,
    "origin_yc": 6702.145942743,
    "destination_xc": 584.523583653,
    "destination_yc": 6703.368950079,
    "lower_tw": 120,
    "upper_tw": 150,
    "max_ride_time": 22.0
  },
  "P22": {
    "id": 22,
    "origin_xc": 551.397693589,
    "origin_yc": 6709.132273042,
    "destination_xc": 584.524583653,
    "destination_yc": 6703.369950079,
    "lower_tw": 120,
    "upper_tw": 150,
    "max_ride_time": 64.0
  },
  "P23": {
    "id": 23,
    "origin_xc": 551.487510389,
    "origin_yc": 6708.285405664999,
    "destination_xc": 584.525583653,
    "destination_yc": 6703.370950079,
    "lower_tw": 120,
    "upper_tw": 150,
    "max_ride_time": 58.0
  },
  "P24": {
    "id": 24,
    "origin_xc": 572.279746122,
    "origin_yc": 6703.623079581001,
    "destination_xc": 583.847468196,
    "destination_yc": 6693.586892202001,
    "lower_tw": 120,
    "upper_tw": 150,
    "max_ride_time": 36.0
  }
}