{
  "D0": {
    "id": 0,
<<<<<<< HEAD
    "origin_xc": 545.725501836,
    "origin_yc": 6717.616035936,
    "destination_xc": 584.502583653,
    "destination_yc": 6703.347950079,
    "lower_tw": 120,
    "upper_tw": 150,
    "max_ride_time": 74.0,
=======
    "origin_xc": 564.854087073,
    "origin_yc": 6700.3641496830005,
    "destination_xc": 583.823468196,
    "destination_yc": 6693.5628922020005,
    "lower_tw": 120,
    "upper_tw": 150,
    "max_ride_time": 34.5,
>>>>>>> 716b0a85c58c4ec904c433b9376bce56f3618689
    "max_capacity": 4.0
  },
  "D1": {
    "id": 1,
<<<<<<< HEAD
    "origin_xc": 568.5765109929999,
    "origin_yc": 6700.846758781,
=======
    "origin_xc": 560.93571271,
    "origin_yc": 6681.89869369,
>>>>>>> 716b0a85c58c4ec904c433b9376bce56f3618689
    "destination_xc": 591.316942423,
    "destination_yc": 6705.1597025890005,
    "lower_tw": 120,
    "upper_tw": 150,
<<<<<<< HEAD
    "max_ride_time": 44.0,
=======
    "max_ride_time": 76.5,
    "max_capacity": 4.0
  },
  "D2": {
    "id": 2,
    "origin_xc": 560.9367127099999,
    "origin_yc": 6681.89969369,
    "destination_xc": 591.317942423,
    "destination_yc": 6705.160702589001,
    "lower_tw": 120,
    "upper_tw": 150,
    "max_ride_time": 76.5,
>>>>>>> 716b0a85c58c4ec904c433b9376bce56f3618689
    "max_capacity": 4.0
  },
  "D2": {
    "id": 2,
    "origin_xc": 554.3801455129999,
    "origin_yc": 6704.410422671001,
    "destination_xc": 591.317942423,
    "destination_yc": 6705.160702589001,
    "lower_tw": 120,
    "upper_tw": 150,
    "max_ride_time": 66.0,
    "max_capacity": 4.0
  },
  "D3": {
    "id": 3,
<<<<<<< HEAD
    "origin_xc": 568.578510993,
    "origin_yc": 6700.848758781,
    "destination_xc": 584.505583653,
    "destination_yc": 6703.350950079,
    "lower_tw": 120,
    "upper_tw": 150,
    "max_ride_time": 30.0,
=======
    "origin_xc": 565.897686906,
    "origin_yc": 6690.12179874,
    "destination_xc": 583.8264681960001,
    "destination_yc": 6693.565892202,
    "lower_tw": 120,
    "upper_tw": 150,
    "max_ride_time": 55.5,
>>>>>>> 716b0a85c58c4ec904c433b9376bce56f3618689
    "max_capacity": 4.0
  },
  "D4": {
    "id": 4,
<<<<<<< HEAD
    "origin_xc": 568.579510993,
    "origin_yc": 6700.849758781,
    "destination_xc": 583.827468196,
    "destination_yc": 6693.566892202,
    "lower_tw": 120,
    "upper_tw": 150,
    "max_ride_time": 38.0,
    "max_capacity": 4.0
  },
  "D5": {
    "id": 5,
    "origin_xc": 566.887662785,
    "origin_yc": 6700.575870785,
    "destination_xc": 583.828468196,
    "destination_yc": 6693.567892202001,
    "lower_tw": 120,
    "upper_tw": 150,
    "max_ride_time": 38.0,
    "max_capacity": 4.0
  },
  "D6": {
    "id": 6,
    "origin_xc": 561.320293509,
    "origin_yc": 6703.773498438,
    "destination_xc": 584.508583653,
    "destination_yc": 6703.353950079,
    "lower_tw": 120,
    "upper_tw": 150,
    "max_ride_time": 42.0,
    "max_capacity": 4.0
  },
  "D7": {
    "id": 7,
    "origin_xc": 554.3851455129999,
    "origin_yc": 6704.415422671,
    "destination_xc": 584.5095836529999,
    "destination_yc": 6703.3549500789995,
    "lower_tw": 120,
    "upper_tw": 150,
    "max_ride_time": 52.0,
    "max_capacity": 4.0
  },
  "D8": {
    "id": 8,
    "origin_xc": 568.583510993,
    "origin_yc": 6700.853758781,
    "destination_xc": 583.8314681960001,
    "destination_yc": 6693.570892202,
    "lower_tw": 120,
    "upper_tw": 150,
    "max_ride_time": 38.0,
    "max_capacity": 4.0
  },
  "D9": {
    "id": 9,
    "origin_xc": 561.323293509,
    "origin_yc": 6703.776498438,
    "destination_xc": 584.511583653,
    "destination_yc": 6703.356950079,
    "lower_tw": 120,
    "upper_tw": 150,
    "max_ride_time": 42.0,
    "max_capacity": 4.0
  },
  "D10": {
    "id": 10,
    "origin_xc": 572.020611754,
    "origin_yc": 6700.639822936,
    "destination_xc": 584.512583653,
    "destination_yc": 6703.357950079,
    "lower_tw": 120,
    "upper_tw": 150,
    "max_ride_time": 34.0,
    "max_capacity": 4.0
  },
  "D11": {
    "id": 11,
    "origin_xc": 554.3891455129999,
    "origin_yc": 6704.419422671001,
    "destination_xc": 594.234804455,
    "destination_yc": 6701.627244521001,
    "lower_tw": 120,
    "upper_tw": 150,
    "max_ride_time": 68.0,
    "max_capacity": 4.0
  },
  "D12": {
    "id": 12,
    "origin_xc": 561.3262935089999,
    "origin_yc": 6703.779498438,
    "destination_xc": 584.5145836529999,
    "destination_yc": 6703.359950079,
    "lower_tw": 120,
    "upper_tw": 150,
    "max_ride_time": 42.0,
    "max_capacity": 4.0
  },
  "D13": {
    "id": 13,
    "origin_xc": 572.1069885250001,
    "origin_yc": 6702.137942743,
    "destination_xc": 594.2368044550001,
    "destination_yc": 6701.629244521,
    "lower_tw": 120,
    "upper_tw": 150,
    "max_ride_time": 38.0,
    "max_capacity": 4.0
  },
  "D14": {
    "id": 14,
    "origin_xc": 566.9502859280001,
    "origin_yc": 6703.016563748,
    "destination_xc": 584.516583653,
    "destination_yc": 6703.361950079,
    "lower_tw": 120,
    "upper_tw": 150,
    "max_ride_time": 40.0,
=======
    "origin_xc": 560.93871271,
    "origin_yc": 6681.90169369,
    "destination_xc": 594.2278044550001,
    "destination_yc": 6701.620244521,
    "lower_tw": 120,
    "upper_tw": 150,
    "max_ride_time": 78.0,
>>>>>>> 716b0a85c58c4ec904c433b9376bce56f3618689
    "max_capacity": 4.0
  }
}