{
  "D0": {
    "id": 0,
    "origin_xc": 553.109064462,
    "origin_yc": 6690.299096844,
    "destination_xc": 594.223804455,
    "destination_yc": 6701.616244521,
    "lower_tw": 120,
    "upper_tw": 150,
    "max_ride_time": 96.0,
    "max_capacity": 4.0
  },
  "D1": {
    "id": 1,
    "origin_xc": 554.3791455129999,
    "origin_yc": 6704.409422671,
    "destination_xc": 591.316942423,
    "destination_yc": 6705.1597025890005,
    "lower_tw": 120,
    "upper_tw": 150,
    "max_ride_time": 66.0,
    "max_capacity": 4.0
  },
  "D2": {
    "id": 2,
    "origin_xc": 568.5775109929999,
    "origin_yc": 6700.847758781,
    "destination_xc": 583.825468196,
    "destination_yc": 6693.564892202001,
    "lower_tw": 120,
    "upper_tw": 150,
    "max_ride_time": 38.0,
    "max_capacity": 4.0
  },
  "D3": {
    "id": 3,
    "origin_xc": 559.505319768,
    "origin_yc": 6704.599270203,
    "destination_xc": 583.8264681960001,
    "destination_yc": 6693.565892202,
    "lower_tw": 120,
    "upper_tw": 150,
    "max_ride_time": 50.0,
    "max_capacity": 4.0
  },
  "D4": {
    "id": 4,
    "origin_xc": 559.506319768,
    "origin_yc": 6704.600270203,
    "destination_xc": 583.827468196,
    "destination_yc": 6693.566892202,
    "lower_tw": 120,
    "upper_tw": 150,
    "max_ride_time": 50.0,
    "max_capacity": 4.0
  },
  "D5": {
    "id": 5,
    "origin_xc": 559.507319768,
    "origin_yc": 6704.601270203,
    "destination_xc": 591.320942423,
    "destination_yc": 6705.163702589,
    "lower_tw": 120,
    "upper_tw": 150,
    "max_ride_time": 56.0,
    "max_capacity": 4.0
  },
  "D6": {
    "id": 6,
    "origin_xc": 561.320293509,
    "origin_yc": 6703.773498438,
    "destination_xc": 583.829468196,
    "destination_yc": 6693.568892202001,
    "lower_tw": 120,
    "upper_tw": 150,
    "max_ride_time": 50.0,
    "max_capacity": 4.0
  },
  "D7": {
    "id": 7,
    "origin_xc": 566.943285928,
    "origin_yc": 6703.009563748,
    "destination_xc": 591.322942423,
    "destination_yc": 6705.165702589,
    "lower_tw": 120,
    "upper_tw": 150,
    "max_ride_time": 54.0,
    "max_capacity": 4.0
  },
  "D8": {
    "id": 8,
    "origin_xc": 561.322293509,
    "origin_yc": 6703.775498438,
    "destination_xc": 591.3239424230001,
    "destination_yc": 6705.166702589,
    "lower_tw": 120,
    "upper_tw": 150,
    "max_ride_time": 54.0,
    "max_capacity": 4.0
  },
  "D9": {
    "id": 9,
    "origin_xc": 559.511319768,
    "origin_yc": 6704.605270203,
    "destination_xc": 584.511583653,
    "destination_yc": 6703.356950079,
    "lower_tw": 120,
    "upper_tw": 150,
    "max_ride_time": 42.0,
    "max_capacity": 4.0
  },
  "D10": {
    "id": 10,
    "origin_xc": 566.892662785,
    "origin_yc": 6700.580870785,
    "destination_xc": 594.233804455,
    "destination_yc": 6701.626244521,
    "lower_tw": 120,
    "upper_tw": 150,
    "max_ride_time": 46.0,
    "max_capacity": 4.0
  },
  "D11": {
    "id": 11,
    "origin_xc": 554.3891455129999,
    "origin_yc": 6704.419422671001,
    "destination_xc": 584.513583653,
    "destination_yc": 6703.358950079,
    "lower_tw": 120,
    "upper_tw": 150,
    "max_ride_time": 52.0,
    "max_capacity": 4.0
  },
  "D12": {
    "id": 12,
    "origin_xc": 568.5875109929999,
    "origin_yc": 6700.857758781,
    "destination_xc": 584.5145836529999,
    "destination_yc": 6703.359950079,
    "lower_tw": 120,
    "upper_tw": 150,
    "max_ride_time": 30.0,
    "max_capacity": 4.0
  },
  "D13": {
    "id": 13,
    "origin_xc": 572.1069885250001,
    "origin_yc": 6702.137942743,
    "destination_xc": 594.2368044550001,
    "destination_yc": 6701.629244521,
    "lower_tw": 120,
    "upper_tw": 150,
    "max_ride_time": 38.0,
    "max_capacity": 4.0
  },
  "D14": {
    "id": 14,
    "origin_xc": 559.516319768,
    "origin_yc": 6704.610270203,
    "destination_xc": 584.516583653,
    "destination_yc": 6703.361950079,
    "lower_tw": 120,
    "upper_tw": 150,
    "max_ride_time": 42.0,
    "max_capacity": 4.0
  },
  "D15": {
    "id": 15,
    "origin_xc": 566.897662785,
    "origin_yc": 6700.585870785,
    "destination_xc": 583.838468196,
    "destination_yc": 6693.577892202001,
    "lower_tw": 120,
    "upper_tw": 150,
    "max_ride_time": 38.0,
    "max_capacity": 4.0
  },
  "D16": {
    "id": 16,
    "origin_xc": 568.5915109929999,
    "origin_yc": 6700.8617587809995,
    "destination_xc": 591.331942423,
    "destination_yc": 6705.174702589,
    "lower_tw": 120,
    "upper_tw": 150,
    "max_ride_time": 44.0,
    "max_capacity": 4.0
  }
}