{
  "P7": {
    "id": 7,
    "origin_xc": 568.9414418859999,
    "origin_yc": 6704.434296241,
    "destination_xc": 591.322942423,
    "destination_yc": 6705.165702589,
    "lower_tw": 120,
    "upper_tw": 150,
    "max_ride_time": 42.0
  },
  "P8": {
    "id": 8,
    "origin_xc": 559.510319768,
    "origin_yc": 6704.604270203,
    "destination_xc": 583.8314681960001,
    "destination_yc": 6693.570892202,
    "lower_tw": 120,
    "upper_tw": 150,
    "max_ride_time": 37.5
  },
  "P9": {
    "id": 9,
    "origin_xc": 572.1029885250001,
    "origin_yc": 6702.133942743,
    "destination_xc": 584.511583653,
    "destination_yc": 6703.356950079,
    "lower_tw": 120,
    "upper_tw": 150,
    "max_ride_time": 16.5
  },
  "P10": {
    "id": 10,
    "origin_xc": 568.9444418859999,
    "origin_yc": 6704.437296241001,
    "destination_xc": 583.833468196,
    "destination_yc": 6693.572892202001,
    "lower_tw": 120,
    "upper_tw": 150,
    "max_ride_time": 37.5
  },
  "P11": {
    "id": 11,
    "origin_xc": 565.9056869059999,
    "origin_yc": 6690.12979874,
    "destination_xc": 594.234804455,
    "destination_yc": 6701.627244521001,
    "lower_tw": 120,
    "upper_tw": 150,
    "max_ride_time": 61.5
  },
  "P12": {
    "id": 12,
    "origin_xc": 565.9066869059999,
    "origin_yc": 6690.13079874,
    "destination_xc": 584.5145836529999,
    "destination_yc": 6703.359950079,
    "lower_tw": 120,
    "upper_tw": 150,
    "max_ride_time": 49.5
  },
  "P13": {
    "id": 13,
    "origin_xc": 570.675150688,
    "origin_yc": 6698.583605428,
    "destination_xc": 584.515583653,
    "destination_yc": 6703.360950079,
    "lower_tw": 120,
    "upper_tw": 150,
    "max_ride_time": 30.0
  },
  "P14": {
    "id": 14,
    "origin_xc": 570.9353847230001,
    "origin_yc": 6701.114440955,
    "destination_xc": 583.837468196,
    "destination_yc": 6693.576892202001,
    "lower_tw": 120,
    "upper_tw": 150,
    "max_ride_time": 28.5
  },
  "P15": {
    "id": 15,
    "origin_xc": 554.3931455129999,
    "origin_yc": 6704.4234226710005,
    "destination_xc": 583.838468196,
    "destination_yc": 6693.577892202001,
    "lower_tw": 120,
    "upper_tw": 150,
    "max_ride_time": 45.0
  },
  "P16": {
    "id": 16,
    "origin_xc": 570.937384723,
    "origin_yc": 6701.116440954999,
    "destination_xc": 583.839468196,
    "destination_yc": 6693.578892202,
    "lower_tw": 120,
    "upper_tw": 150,
    "max_ride_time": 28.5
  },
  "P17": {
    "id": 17,
    "origin_xc": 568.592510993,
    "origin_yc": 6700.862758781,
    "destination_xc": 584.519583653,
    "destination_yc": 6703.364950079,
    "lower_tw": 120,
    "upper_tw": 150,
    "max_ride_time": 22.5
  },
  "P18": {
    "id": 18,
    "origin_xc": 551.393693589,
    "origin_yc": 6709.128273042,
    "destination_xc": 594.2418044550001,
    "destination_yc": 6701.634244521,
    "lower_tw": 120,
    "upper_tw": 150,
    "max_ride_time": 60.0
  },
  "P19": {
    "id": 19,
    "origin_xc": 570.9403847230001,
    "origin_yc": 6701.119440955,
    "destination_xc": 594.242804455,
    "destination_yc": 6701.6352445210005,
    "lower_tw": 120,
    "upper_tw": 150,
    "max_ride_time": 34.5
  },
  "P20": {
    "id": 20,
    "origin_xc": 553.129064462,
    "origin_yc": 6690.319096844,
    "destination_xc": 591.335942423,
    "destination_yc": 6705.178702589001,
    "lower_tw": 120,
    "upper_tw": 150,
    "max_ride_time": 70.5
  },
  "P21": {
    "id": 21,
    "origin_xc": 543.218775708,
    "origin_yc": 6721.022288268,
    "destination_xc": 594.244804455,
    "destination_yc": 6701.637244521,
    "lower_tw": 120,
    "upper_tw": 150,
    "max_ride_time": 78.0
  },
  "P22": {
    "id": 22,
    "origin_xc": 554.400145513,
    "origin_yc": 6704.430422671,
    "destination_xc": 591.3379424230001,
    "destination_yc": 6705.180702589,
    "lower_tw": 120,
    "upper_tw": 150,
    "max_ride_time": 49.5
  },
  "P23": {
    "id": 23,
    "origin_xc": 551.398693589,
    "origin_yc": 6709.133273042,
    "destination_xc": 583.846468196,
    "destination_yc": 6693.585892202001,
    "lower_tw": 120,
    "upper_tw": 150,
    "max_ride_time": 54.0
  },
  "P24": {
    "id": 24,
    "origin_xc": 554.4021455129999,
    "origin_yc": 6704.4324226710005,
    "destination_xc": 594.247804455,
    "destination_yc": 6701.640244521001,
    "lower_tw": 120,
    "upper_tw": 150,
    "max_ride_time": 51.0
  },
  "P25": {
    "id": 25,
    "origin_xc": 553.134064462,
    "origin_yc": 6690.3240968439995,
    "destination_xc": 591.340942423,
    "destination_yc": 6705.183702589,
    "lower_tw": 120,
    "upper_tw": 150,
    "max_ride_time": 70.5
  }
}