{
<<<<<<< HEAD
  "P10": {
    "id": 10,
    "origin_xc": 572.020611754,
    "origin_yc": 6700.639822936,
    "destination_xc": 583.833468196,
    "destination_yc": 6693.572892202001,
=======
  "P5": {
    "id": 5,
    "origin_xc": 566.9412859280001,
    "origin_yc": 6703.007563748,
    "destination_xc": 583.828468196,
    "destination_yc": 6693.567892202001,
>>>>>>> 24465a0b843cda039da51d66f9d80cb12c244c13
    "lower_tw": 120,
    "upper_tw": 150,
    "max_ride_time": 48.0
  },
<<<<<<< HEAD
  "P11": {
    "id": 11,
    "origin_xc": 561.325293509,
    "origin_yc": 6703.7784984380005,
    "destination_xc": 591.326942423,
    "destination_yc": 6705.169702589001,
    "lower_tw": 120,
    "upper_tw": 150,
    "max_ride_time": 54.0
  },
  "P12": {
    "id": 12,
    "origin_xc": 572.022611754,
    "origin_yc": 6700.641822936,
    "destination_xc": 584.5145836529999,
    "destination_yc": 6703.359950079,
    "lower_tw": 120,
    "upper_tw": 150,
    "max_ride_time": 34.0
  },
  "P13": {
    "id": 13,
    "origin_xc": 566.9492859280001,
    "origin_yc": 6703.015563748,
    "destination_xc": 594.2368044550001,
    "destination_yc": 6701.629244521,
    "lower_tw": 120,
    "upper_tw": 150,
    "max_ride_time": 56.0
  },
  "P14": {
    "id": 14,
    "origin_xc": 561.328293509,
    "origin_yc": 6703.781498438,
    "destination_xc": 584.516583653,
    "destination_yc": 6703.361950079,
    "lower_tw": 120,
    "upper_tw": 150,
    "max_ride_time": 42.0
  },
  "P15": {
    "id": 15,
    "origin_xc": 564.869087073,
    "origin_yc": 6700.379149683001,
    "destination_xc": 591.330942423,
    "destination_yc": 6705.173702589001,
    "lower_tw": 120,
    "upper_tw": 150,
    "max_ride_time": 52.0
  },
  "P16": {
    "id": 16,
    "origin_xc": 559.518319768,
    "origin_yc": 6704.612270203,
    "destination_xc": 594.239804455,
    "destination_yc": 6701.632244521,
    "lower_tw": 120,
    "upper_tw": 150,
    "max_ride_time": 58.0
  },
  "P17": {
    "id": 17,
    "origin_xc": 566.899662785,
    "origin_yc": 6700.587870785,
    "destination_xc": 591.3329424230001,
    "destination_yc": 6705.175702589,
    "lower_tw": 120,
    "upper_tw": 150,
    "max_ride_time": 44.0
  },
  "P18": {
    "id": 18,
    "origin_xc": 572.1119885250001,
    "origin_yc": 6702.142942743,
    "destination_xc": 583.841468196,
    "destination_yc": 6693.5808922020005,
    "lower_tw": 120,
    "upper_tw": 150,
    "max_ride_time": 30.0
  },
  "P19": {
    "id": 19,
    "origin_xc": 561.333293509,
    "origin_yc": 6703.786498438,
    "destination_xc": 584.521583653,
    "destination_yc": 6703.366950079,
    "lower_tw": 120,
    "upper_tw": 150,
    "max_ride_time": 42.0
  },
  "P20": {
    "id": 20,
    "origin_xc": 553.129064462,
    "origin_yc": 6690.319096844,
    "destination_xc": 583.843468196,
    "destination_yc": 6693.582892202001,
    "lower_tw": 120,
    "upper_tw": 150,
    "max_ride_time": 88.0
  },
  "P21": {
    "id": 21,
    "origin_xc": 561.3352935089999,
    "origin_yc": 6703.788498438,
    "destination_xc": 594.244804455,
    "destination_yc": 6701.637244521,
    "lower_tw": 120,
    "upper_tw": 150,
    "max_ride_time": 58.0
  },
  "P22": {
    "id": 22,
    "origin_xc": 564.876087073,
    "origin_yc": 6700.386149683,
    "destination_xc": 584.524583653,
    "destination_yc": 6703.369950079,
    "lower_tw": 120,
    "upper_tw": 150,
    "max_ride_time": 38.0
  },
  "P23": {
    "id": 23,
    "origin_xc": 564.877087073,
    "origin_yc": 6700.387149683001,
    "destination_xc": 594.2468044550001,
    "destination_yc": 6701.639244521,
=======
  "P6": {
    "id": 6,
    "origin_xc": 566.942285928,
    "origin_yc": 6703.008563748001,
    "destination_xc": 591.321942423,
    "destination_yc": 6705.164702589001,
>>>>>>> 24465a0b843cda039da51d66f9d80cb12c244c13
    "lower_tw": 120,
    "upper_tw": 150,
    "max_ride_time": 54.0
  },
<<<<<<< HEAD
  "P24": {
    "id": 24,
    "origin_xc": 566.906662785,
    "origin_yc": 6700.594870785,
    "destination_xc": 584.526583653,
    "destination_yc": 6703.371950079,
    "lower_tw": 120,
    "upper_tw": 150,
    "max_ride_time": 30.0
  },
  "P25": {
    "id": 25,
    "origin_xc": 566.907662785,
    "origin_yc": 6700.5958707849995,
    "destination_xc": 591.340942423,
    "destination_yc": 6705.183702589,
    "lower_tw": 120,
    "upper_tw": 150,
    "max_ride_time": 44.0
  },
  "P26": {
    "id": 26,
    "origin_xc": 568.6015109929999,
    "origin_yc": 6700.871758781,
    "destination_xc": 584.5285836529999,
    "destination_yc": 6703.373950079,
    "lower_tw": 120,
    "upper_tw": 150,
    "max_ride_time": 30.0
  },
  "P27": {
    "id": 27,
    "origin_xc": 564.881087073,
    "origin_yc": 6700.391149683001,
    "destination_xc": 594.2508044550001,
    "destination_yc": 6701.643244521,
    "lower_tw": 120,
    "upper_tw": 150,
    "max_ride_time": 54.0
  },
  "P28": {
    "id": 28,
    "origin_xc": 568.603510993,
    "origin_yc": 6700.873758781,
    "destination_xc": 583.851468196,
    "destination_yc": 6693.590892202001,
    "lower_tw": 120,
    "upper_tw": 150,
    "max_ride_time": 38.0
  },
  "P29": {
    "id": 29,
    "origin_xc": 568.604510993,
    "origin_yc": 6700.874758781,
    "destination_xc": 591.344942423,
    "destination_yc": 6705.187702589001,
=======
  "P7": {
    "id": 7,
    "origin_xc": 572.262746122,
    "origin_yc": 6703.606079581,
    "destination_xc": 584.5095836529999,
    "destination_yc": 6703.3549500789995,
    "lower_tw": 120,
    "upper_tw": 150,
    "max_ride_time": 28.0
  },
  "P8": {
    "id": 8,
    "origin_xc": 568.583510993,
    "origin_yc": 6700.853758781,
    "destination_xc": 591.3239424230001,
    "destination_yc": 6705.166702589,
>>>>>>> 24465a0b843cda039da51d66f9d80cb12c244c13
    "lower_tw": 120,
    "upper_tw": 150,
    "max_ride_time": 44.0
  },
<<<<<<< HEAD
  "P30": {
    "id": 30,
    "origin_xc": 559.532319768,
    "origin_yc": 6704.626270203,
    "destination_xc": 591.345942423,
    "destination_yc": 6705.188702589,
    "lower_tw": 120,
    "upper_tw": 150,
    "max_ride_time": 56.0
=======
  "P9": {
    "id": 9,
    "origin_xc": 551.384693589,
    "origin_yc": 6709.119273042,
    "destination_xc": 594.2328044550001,
    "destination_yc": 6701.625244521,
    "lower_tw": 120,
    "upper_tw": 150,
    "max_ride_time": 80.0
>>>>>>> 24465a0b843cda039da51d66f9d80cb12c244c13
  },
  "P10": {
    "id": 10,
    "origin_xc": 566.892662785,
    "origin_yc": 6700.580870785,
    "destination_xc": 591.325942423,
    "destination_yc": 6705.1687025890005,
    "lower_tw": 120,
    "upper_tw": 150,
    "max_ride_time": 44.0
  },
<<<<<<< HEAD
  "P32": {
    "id": 32,
    "origin_xc": 553.141064462,
    "origin_yc": 6690.331096844,
    "destination_xc": 591.3479424230001,
    "destination_yc": 6705.1907025890005,
    "lower_tw": 120,
    "upper_tw": 150,
    "max_ride_time": 94.0
  },
  "P33": {
    "id": 33,
    "origin_xc": 568.608510993,
    "origin_yc": 6700.878758781,
    "destination_xc": 594.2568044550001,
    "destination_yc": 6701.649244521001,
    "lower_tw": 120,
    "upper_tw": 150,
    "max_ride_time": 46.0
  },
  "P34": {
    "id": 34,
    "origin_xc": 564.888087073,
    "origin_yc": 6700.398149683,
    "destination_xc": 594.257804455,
    "destination_yc": 6701.650244521,
=======
  "P11": {
    "id": 11,
    "origin_xc": 551.475510389,
    "origin_yc": 6708.273405665,
    "destination_xc": 583.834468196,
    "destination_yc": 6693.573892202001,
    "lower_tw": 120,
    "upper_tw": 150,
    "max_ride_time": 66.0
  },
  "P12": {
    "id": 12,
    "origin_xc": 531.898845207,
    "origin_yc": 6734.659212441,
    "destination_xc": 591.327942423,
    "destination_yc": 6705.170702589,
    "lower_tw": 120,
    "upper_tw": 150,
    "max_ride_time": 138.0
  },
  "P13": {
    "id": 13,
    "origin_xc": 564.867087073,
    "origin_yc": 6700.377149683,
    "destination_xc": 594.2368044550001,
    "destination_yc": 6701.629244521,
>>>>>>> 24465a0b843cda039da51d66f9d80cb12c244c13
    "lower_tw": 120,