{
  "P5": {
    "id": 5,
    "origin_xc": 572.015611754,
    "origin_yc": 6700.634822936,
    "destination_xc": 584.507583653,
    "destination_yc": 6703.352950079,
    "lower_tw": 120,
    "upper_tw": 150,
    "max_ride_time": 34.0
  },
  "P6": {
    "id": 6,
    "origin_xc": 545.731501836,
    "origin_yc": 6717.622035936,
    "destination_xc": 591.321942423,
    "destination_yc": 6705.164702589001,
    "lower_tw": 120,
    "upper_tw": 150,
    "max_ride_time": 88.0
  },
  "P7": {
    "id": 7,
    "origin_xc": 570.2069702649999,
    "origin_yc": 6682.11785401,
    "destination_xc": 591.322942423,
    "destination_yc": 6705.165702589,
    "lower_tw": 120,
    "upper_tw": 150,
    "max_ride_time": 48.0
  },
  "P8": {
    "id": 8,
    "origin_xc": 568.942441886,
    "origin_yc": 6704.435296241,
    "destination_xc": 594.2318044550001,
    "destination_yc": 6701.624244521,
    "lower_tw": 120,
    "upper_tw": 150,
    "max_ride_time": 58.0
  },
  "P9": {
    "id": 9,
    "origin_xc": 554.387145513,
    "origin_yc": 6704.417422671,
    "destination_xc": 584.511583653,
    "destination_yc": 6703.356950079,
    "lower_tw": 120,
    "upper_tw": 150,
    "max_ride_time": 52.0
  },
  "P10": {
    "id": 10,
    "origin_xc": 566.9462859280001,
    "origin_yc": 6703.0125637480005,
    "destination_xc": 584.512583653,
    "destination_yc": 6703.357950079,
    "lower_tw": 120,
    "upper_tw": 150,
    "max_ride_time": 40.0
  },
  "P11": {
    "id": 11,
    "origin_xc": 562.754133779,
    "origin_yc": 6690.08872097,
    "destination_xc": 594.234804455,
    "destination_yc": 6701.627244521001,
    "lower_tw": 120,
    "upper_tw": 150,
    "max_ride_time": 16.0
  },
  "P12": {
    "id": 12,
    "origin_xc": 570.6741506879999,
    "origin_yc": 6698.582605428,
    "destination_xc": 583.835468196,
    "destination_yc": 6693.574892202,
    "lower_tw": 120,
    "upper_tw": 150,
    "max_ride_time": 48.0
  },
  "P13": {
    "id": 13,
    "origin_xc": 570.212970265,
    "origin_yc": 6682.12385401,
    "destination_xc": 584.515583653,
    "destination_yc": 6703.360950079,
    "lower_tw": 120,
    "upper_tw": 150,
    "max_ride_time": 34.0
  },
  "P14": {
    "id": 14,
    "origin_xc": 531.9008452070001,
    "origin_yc": 6734.661212441,
    "destination_xc": 583.837468196,
    "destination_yc": 6693.576892202001,
    "lower_tw": 120,
    "upper_tw": 150,
    "max_ride_time": 130.0
  }
}