{
  "P1": {
    "id": 1,
    "origin_xc": 5.121333 ,
    "origin_yc": 60.356561,
    "destination_xc": 5.326164,
    "destination_yc": 60.395410,
    "lower_tw": 120,
    "upper_tw": 150,
    "max_ride_time": 44
  },
  "P2": {
    "id": 2,
    "origin_xc":5.153025 ,
    "origin_yc": 60.368083,
    "destination_xc": 5.3261641,
    "destination_yc": 60.3954101,
    "lower_tw": 120,
    "upper_tw": 150,
    "max_ride_time": 36
  }
}