{
  "D1": {
    "id": 0,
    "origin_xc": 561.3142935,
    "origin_yc": 6703.767498,
    "destination_xc": 583.8234682,
    "destination_yc": 6693.562892,
    "lower_tw": 105,
    "upper_tw": 135,
    "max_ride_time": 50,
    "max_capacity": 4
  },
  "D2": {
    "id": 1,
    "origin_xc": 559.5023198,
    "origin_yc": 6704.59627,
    "destination_xc": 594.2238045,
    "destination_yc": 6701.616245,
    "lower_tw": 120,
    "upper_tw": 150,
    "max_ride_time": 58,
    "max_capacity": 4
  }
}