{
  "D1": {
    "id": 0,
    "origin_xc": 554.37814551,
    "origin_yc": 6704.4084231,
    "destination_xc": 584.50258372,
    "destination_yc": 6703.347952,
    "lower_tw": 120,
    "upper_tw": 150,
    "max_ride_time": 56,
    "max_capacity": 4
  }
}